file,line,type,commit,author,date,time,timezone,datetime,depth,length
style.css,1,css,e92e4b95,abbymcleod,2026-04-18,15:22:04,-07:00,2026-04-18T15:22:04-07:00,0,4
style.css,2,css,e92e4b95,abbymcleod,2026-04-18,15:22:04,-07:00,2026-04-18T15:22:04-07:00,1,23
style.css,3,css,e92e4b95,abbymcleod,2026-04-18,15:22:04,-07:00,2026-04-18T15:22:04-07:00,0,0
style.css,4,css,e92e4b95,abbymcleod,2026-04-18,15:22:04,-07:00,2026-04-18T15:22:04-07:00,0,0
style.css,5,css,913bf005,abbymcleod,2026-04-10,11:07:23,-07:00,2026-04-10T11:07:23-07:00,0,5
style.css,6,css,913bf005,abbymcleod,2026-04-10,11:07:23,-07:00,2026-04-10T11:07:23-07:00,1,33
style.css,7,css,913bf005,abbymcleod,2026-04-10,11:07:23,-07:00,2026-04-10T11:07:23-07:00,0,0
style.css,8,css,913bf005,abbymcleod,2026-04-10,11:07:23,-07:00,2026-04-10T11:07:23-07:00,0,0
style.css,9,css,913bf005,abbymcleod,2026-04-10,11:07:23,-07:00,2026-04-10T11:07:23-07:00,0,4
style.css,10,css,913bf005,abbymcleod,2026-04-10,11:07:23,-07:00,2026-04-10T11:07:23-07:00,1,32
style.css,11,css,913bf005,abbymcleod,2026-04-10,11:07:23,-07:00,2026-04-10T11:07:23-07:00,0,0
style.css,12,css,059a84c2,abbymcleod,2026-04-10,11:29:22,-07:00,2026-04-10T11:29:22-07:00,0,0
style.css,13,css,059a84c2,abbymcleod,2026-04-10,11:29:22,-07:00,2026-04-10T11:29:22-07:00,0,4
style.css,14,css,c24c2879,abbymcleod,2026-04-10,11:34:59,-07:00,2026-04-10T11:34:59-07:00,0,8
style.css,15,css,c24c2879,abbymcleod,2026-04-10,11:34:59,-07:00,2026-04-10T11:34:59-07:00,1,12
style.css,16,css,c24c2879,abbymcleod,2026-04-10,11:34:59,-07:00,2026-04-10T11:34:59-07:00,1,13
style.css,17,css,c24c2879,abbymcleod,2026-04-10,11:34:59,-07:00,2026-04-10T11:34:59-07:00,1,10
style.css,18,css,c24c2879,abbymcleod,2026-04-10,11:34:59,-07:00,2026-04-10T11:34:59-07:00,1,21
style.css,19,css,059a84c2,abbymcleod,2026-04-10,11:29:22,-07:00,2026-04-10T11:29:22-07:00,0,0
style.css,20,css,059a84c2,abbymcleod,2026-04-10,11:29:22,-07:00,2026-04-10T11:29:22-07:00,0,0
style.css,21,css,b809d0c4,abbymcleod,2026-04-10,11:20:06,-07:00,2026-04-10T11:20:06-07:00,0,6
style.css,22,css,c24c2879,abbymcleod,2026-04-10,11:34:59,-07:00,2026-04-10T11:34:59-07:00,1,18
style.css,23,css,b809d0c4,abbymcleod,2026-04-10,11:20:06,-07:00,2026-04-10T11:20:06-07:00,1,12
style.css,24,css,b809d0c4,abbymcleod,2026-04-10,11:20:06,-07:00,2026-04-10T11:20:06-07:00,1,13
style.css,25,css,b809d0c4,abbymcleod,2026-04-10,11:20:06,-07:00,2026-04-10T11:20:06-07:00,0,0
style.css,26,css,059a84c2,abbymcleod,2026-04-10,11:29:22,-07:00,2026-04-10T11:29:22-07:00,0,0
style.css,27,css,059a84c2,abbymcleod,2026-04-10,11:29:22,-07:00,2026-04-10T11:29:22-07:00,0,5
style.css,28,css,c24c2879,abbymcleod,2026-04-10,11:34:59,-07:00,2026-04-10T11:34:59-07:00,1,16
style.css,29,css,059a84c2,abbymcleod,2026-04-10,11:29:22,-07:00,2026-04-10T11:29:22-07:00,0,0
style.css,30,css,059a84c2,abbymcleod,2026-04-10,11:29:22,-07:00,2026-04-10T11:29:22-07:00,0,0
style.css,31,css,059a84c2,abbymcleod,2026-04-10,11:29:22,-07:00,2026-04-10T11:29:22-07:00,0,4
style.css,32,css,c24c2879,abbymcleod,2026-04-10,11:34:59,-07:00,2026-04-10T11:34:59-07:00,1,12
style.css,33,css,c24c2879,abbymcleod,2026-04-10,11:34:59,-07:00,2026-04-10T11:34:59-07:00,1,30
style.css,34,css,c24c2879,abbymcleod,2026-04-10,11:34:59,-07:00,2026-04-10T11:34:59-07:00,1,7
style.css,35,css,059a84c2,abbymcleod,2026-04-10,11:29:22,-07:00,2026-04-10T11:29:22-07:00,0,0
style.css,36,css,059a84c2,abbymcleod,2026-04-10,11:29:22,-07:00,2026-04-10T11:29:22-07:00,0,0
style.css,37,css,09116886,abbymcleod,2026-04-03,17:19:47,-07:00,2026-04-03T17:19:47-07:00,0,4
style.css,38,css,09116886,abbymcleod,2026-04-03,17:19:47,-07:00,2026-04-03T17:19:47-07:00,2,43
style.css,39,css,09116886,abbymcleod,2026-04-03,17:19:47,-07:00,2026-04-03T17:19:47-07:00,4,42
style.css,40,css,09116886,abbymcleod,2026-04-03,17:19:47,-07:00,2026-04-03T17:19:47-07:00,3,0
style.css,41,css,09116886,abbymcleod,2026-04-03,17:19:47,-07:00,2026-04-03T17:19:47-07:00,2,23
style.css,42,css,18762889,abbymcleod,2026-04-10,10:17:52,-07:00,2026-04-10T10:17:52-07:00,2,14
style.css,43,css,04d717f8,abbymcleod,2026-04-10,09:51:20,-07:00,2026-04-10T09:51:20-07:00,2,18
style.css,44,css,18762889,abbymcleod,2026-04-10,10:17:52,-07:00,2026-04-10T10:17:52-07:00,2,12
style.css,45,css,06cab187,abbymcleod,2026-04-10,10:44:39,-07:00,2026-04-10T10:44:39-07:00,1,0
style.css,46,css,06cab187,abbymcleod,2026-04-10,10:44:39,-07:00,2026-04-10T10:44:39-07:00,0,3
style.css,47,css,06cab187,abbymcleod,2026-04-10,10:44:39,-07:00,2026-04-10T10:44:39-07:00,1,12
style.css,48,css,331b5f0b,abbymcleod,2026-04-10,10:52:03,-07:00,2026-04-10T10:52:03-07:00,1,18
style.css,49,css,331b5f0b,abbymcleod,2026-04-10,10:52:03,-07:00,2026-04-10T10:52:03-07:00,1,41
style.css,50,css,2ae957cb,abbymcleod,2026-04-18,16:02:44,-07:00,2026-04-18T16:02:44-07:00,1,19
style.css,51,css,06cab187,abbymcleod,2026-04-10,10:44:39,-07:00,2026-04-10T10:44:39-07:00,0,0
style.css,52,css,06cab187,abbymcleod,2026-04-10,10:44:39,-07:00,2026-04-10T10:44:39-07:00,0,0
style.css,53,css,06cab187,abbymcleod,2026-04-10,10:44:39,-07:00,2026-04-10T10:44:39-07:00,0,5
style.css,54,css,06cab187,abbymcleod,2026-04-10,10:44:39,-07:00,2026-04-10T10:44:39-07:00,1,6
style.css,55,css,331b5f0b,abbymcleod,2026-04-10,10:52:03,-07:00,2026-04-10T10:52:03-07:00,1,20
style.css,56,css,331b5f0b,abbymcleod,2026-04-10,10:52:03,-07:00,2026-04-10T10:52:03-07:00,1,13
style.css,57,css,06cab187,abbymcleod,2026-04-10,10:44:39,-07:00,2026-04-10T10:44:39-07:00,1,17
style.css,58,css,331b5f0b,abbymcleod,2026-04-10,10:52:03,-07:00,2026-04-10T10:52:03-07:00,1,13
style.css,59,css,06cab187,abbymcleod,2026-04-10,10:44:39,-07:00,2026-04-10T10:44:39-07:00,0,0
style.css,60,css,06cab187,abbymcleod,2026-04-10,10:44:39,-07:00,2026-04-10T10:44:39-07:00,0,0
style.css,61,css,06cab187,abbymcleod,2026-04-10,10:44:39,-07:00,2026-04-10T10:44:39-07:00,0,13
style.css,62,css,06cab187,abbymcleod,2026-04-10,10:44:39,-07:00,2026-04-10T10:44:39-07:00,1,16
style.css,63,css,90772844,abbymcleod,2026-04-18,15:53:19,-07:00,2026-04-18T15:53:19-07:00,1,43
style.css,64,css,331b5f0b,abbymcleod,2026-04-10,10:52:03,-07:00,2026-04-10T10:52:03-07:00,1,20
style.css,65,css,913bf005,abbymcleod,2026-04-10,11:07:23,-07:00,2026-04-10T11:07:23-07:00,0,0
style.css,66,css,913bf005,abbymcleod,2026-04-10,11:07:23,-07:00,2026-04-10T11:07:23-07:00,0,0
style.css,67,css,913bf005,abbymcleod,2026-04-10,11:07:23,-07:00,2026-04-10T11:07:23-07:00,0,11
style.css,68,css,913bf005,abbymcleod,2026-04-10,11:07:23,-07:00,2026-04-10T11:07:23-07:00,1,45
style.css,69,css,913bf005,abbymcleod,2026-04-10,11:07:23,-07:00,2026-04-10T11:07:23-07:00,1,20
style.css,70,css,0cf7ebe9,abbymcleod,2026-04-10,13:47:22,-07:00,2026-04-10T13:47:22-07:00,0,0
style.css,71,css,0cf7ebe9,abbymcleod,2026-04-10,13:47:22,-07:00,2026-04-10T13:47:22-07:00,0,0
style.css,72,css,0cf7ebe9,abbymcleod,2026-04-10,13:47:22,-07:00,2026-04-10T13:47:22-07:00,0,9
style.css,73,css,0cf7ebe9,abbymcleod,2026-04-10,13:47:22,-07:00,2026-04-10T13:47:22-07:00,1,12
style.css,74,css,ec65074a,abbymcleod,2026-05-02,11:05:43,-07:00,2026-05-02T11:05:43-07:00,1,58
style.css,75,css,0cf7ebe9,abbymcleod,2026-04-10,13:47:22,-07:00,2026-04-10T13:47:22-07:00,1,7
style.css,76,css,16cce5ce,abbymcleod,2026-04-10,16:57:03,-07:00,2026-04-10T16:57:03-07:00,1,10
style.css,77,css,0cf7ebe9,abbymcleod,2026-04-10,13:47:22,-07:00,2026-04-10T13:47:22-07:00,0,0
style.css,78,css,0cf7ebe9,abbymcleod,2026-04-10,13:47:22,-07:00,2026-04-10T13:47:22-07:00,0,0
style.css,79,css,0cf7ebe9,abbymcleod,2026-04-10,13:47:22,-07:00,2026-04-10T13:47:22-07:00,0,17
style.css,80,css,0cf7ebe9,abbymcleod,2026-04-10,13:47:22,-07:00,2026-04-10T13:47:22-07:00,1,12
style.css,81,css,0cf7ebe9,abbymcleod,2026-04-10,13:47:22,-07:00,2026-04-10T13:47:22-07:00,1,26
style.css,82,css,97f4dcc2,abbymcleod,2026-05-01,15:16:27,-07:00,2026-05-01T15:16:27-07:00,1,15
style.css,83,css,ec65074a,abbymcleod,2026-05-02,11:05:43,-07:00,2026-05-02T11:05:43-07:00,1,34
style.css,84,css,ec65074a,abbymcleod,2026-05-02,11:05:43,-07:00,2026-05-02T11:05:43-07:00,1,21
style.css,85,css,ec65074a,abbymcleod,2026-05-02,11:05:43,-07:00,2026-05-02T11:05:43-07:00,1,12
style.css,86,css,ec65074a,abbymcleod,2026-05-02,11:05:43,-07:00,2026-05-02T11:05:43-07:00,1,17
style.css,87,css,ec65074a,abbymcleod,2026-05-02,11:05:43,-07:00,2026-05-02T11:05:43-07:00,1,16
style.css,88,css,ec65074a,abbymcleod,2026-05-02,11:05:43,-07:00,2026-05-02T11:05:43-07:00,1,35
style.css,89,css,ec65074a,abbymcleod,2026-05-02,11:05:43,-07:00,2026-05-02T11:05:43-07:00,1,15
style.css,90,css,0cf7ebe9,abbymcleod,2026-04-10,13:47:22,-07:00,2026-04-10T13:47:22-07:00,0,0
style.css,91,css,0cf7ebe9,abbymcleod,2026-04-10,13:47:22,-07:00,2026-04-10T13:47:22-07:00,0,0
style.css,92,css,0cf7ebe9,abbymcleod,2026-04-10,13:47:22,-07:00,2026-04-10T13:47:22-07:00,0,12
style.css,93,css,0cf7ebe9,abbymcleod,2026-04-10,13:47:22,-07:00,2026-04-10T13:47:22-07:00,1,8
style.css,94,css,0cf7ebe9,abbymcleod,2026-04-10,13:47:22,-07:00,2026-04-10T13:47:22-07:00,0,0
style.css,95,css,0cf7ebe9,abbymcleod,2026-04-10,13:47:22,-07:00,2026-04-10T13:47:22-07:00,0,0
style.css,96,css,a2e3230d,abbymcleod,2026-04-29,16:39:02,-07:00,2026-04-29T16:39:02-07:00,0,13
style.css,97,css,808682ec,abbymcleod,2026-05-01,15:13:06,-07:00,2026-05-01T15:13:06-07:00,1,8
style.css,98,css,a2e3230d,abbymcleod,2026-04-29,16:39:02,-07:00,2026-04-29T16:39:02-07:00,1,30
style.css,99,css,a2e3230d,abbymcleod,2026-04-29,16:39:02,-07:00,2026-04-29T16:39:02-07:00,1,16
style.css,100,css,a2e3230d,abbymcleod,2026-04-29,16:39:02,-07:00,2026-04-29T16:39:02-07:00,1,10
style.css,101,css,a2e3230d,abbymcleod,2026-04-29,16:39:02,-07:00,2026-04-29T16:39:02-07:00,0,0
style.css,102,css,a2e3230d,abbymcleod,2026-04-29,16:39:02,-07:00,2026-04-29T16:39:02-07:00,0,0
style.css,103,css,0cf7ebe9,abbymcleod,2026-04-10,13:47:22,-07:00,2026-04-10T13:47:22-07:00,0,2
style.css,104,css,0cf7ebe9,abbymcleod,2026-04-10,13:47:22,-07:00,2026-04-10T13:47:22-07:00,1,14
style.css,105,css,0cf7ebe9,abbymcleod,2026-04-10,13:47:22,-07:00,2026-04-10T13:47:22-07:00,1,19
style.css,106,css,0cf7ebe9,abbymcleod,2026-04-10,13:47:22,-07:00,2026-04-10T13:47:22-07:00,0,0
style.css,107,css,0cf7ebe9,abbymcleod,2026-04-10,13:47:22,-07:00,2026-04-10T13:47:22-07:00,0,0
style.css,108,css,0cf7ebe9,abbymcleod,2026-04-10,13:47:22,-07:00,2026-04-10T13:47:22-07:00,0,2
style.css,109,css,0cf7ebe9,abbymcleod,2026-04-10,13:47:22,-07:00,2026-04-10T13:47:22-07:00,1,14
style.css,110,css,0cf7ebe9,abbymcleod,2026-04-10,13:47:22,-07:00,2026-04-10T13:47:22-07:00,0,0
style.css,111,css,0cf7ebe9,abbymcleod,2026-04-10,13:47:22,-07:00,2026-04-10T13:47:22-07:00,0,0
style.css,112,css,0cf7ebe9,abbymcleod,2026-04-10,13:47:22,-07:00,2026-04-10T13:47:22-07:00,0,22
style.css,113,css,0cf7ebe9,abbymcleod,2026-04-10,13:47:22,-07:00,2026-04-10T13:47:22-07:00,1,15
style.css,114,css,0cf7ebe9,abbymcleod,2026-04-10,13:47:22,-07:00,2026-04-10T13:47:22-07:00,1,17
style.css,115,css,577b5fa6,abbymcleod,2026-04-10,15:01:11,-07:00,2026-04-10T15:01:11-07:00,0,0
style.css,116,css,577b5fa6,abbymcleod,2026-04-10,15:01:11,-07:00,2026-04-10T15:01:11-07:00,0,0
style.css,117,css,577b5fa6,abbymcleod,2026-04-10,15:01:11,-07:00,2026-04-10T15:01:11-07:00,0,12
style.css,118,css,577b5fa6,abbymcleod,2026-04-10,15:01:11,-07:00,2026-04-10T15:01:11-07:00,1,12
style.css,119,css,577b5fa6,abbymcleod,2026-04-10,15:01:11,-07:00,2026-04-10T15:01:11-07:00,1,8
style.css,120,css,577b5fa6,abbymcleod,2026-04-10,15:01:11,-07:00,2026-04-10T15:01:11-07:00,0,0
style.css,121,css,577b5fa6,abbymcleod,2026-04-10,15:01:11,-07:00,2026-04-10T15:01:11-07:00,0,0
style.css,122,css,577b5fa6,abbymcleod,2026-04-10,15:01:11,-07:00,2026-04-10T15:01:11-07:00,0,14
style.css,123,css,577b5fa6,abbymcleod,2026-04-10,15:01:11,-07:00,2026-04-10T15:01:11-07:00,1,19
style.css,124,css,577b5fa6,abbymcleod,2026-04-10,15:01:11,-07:00,2026-04-10T15:01:11-07:00,1,41
style.css,125,css,577b5fa6,abbymcleod,2026-04-10,15:01:11,-07:00,2026-04-10T15:01:11-07:00,0,0
style.css,126,css,577b5fa6,abbymcleod,2026-04-10,15:01:11,-07:00,2026-04-10T15:01:11-07:00,0,0
style.css,127,css,577b5fa6,abbymcleod,2026-04-10,15:01:11,-07:00,2026-04-10T15:01:11-07:00,0,15
style.css,128,css,577b5fa6,abbymcleod,2026-04-10,15:01:11,-07:00,2026-04-10T15:01:11-07:00,1,16
style.css,129,css,577b5fa6,abbymcleod,2026-04-10,15:01:11,-07:00,2026-04-10T15:01:11-07:00,1,23
style.css,130,css,577b5fa6,abbymcleod,2026-04-10,15:01:11,-07:00,2026-04-10T15:01:11-07:00,1,17
style.css,131,css,577b5fa6,abbymcleod,2026-04-10,15:01:11,-07:00,2026-04-10T15:01:11-07:00,0,0
style.css,132,css,577b5fa6,abbymcleod,2026-04-10,15:01:11,-07:00,2026-04-10T15:01:11-07:00,0,0
style.css,133,css,577b5fa6,abbymcleod,2026-04-10,15:01:11,-07:00,2026-04-10T15:01:11-07:00,0,15
style.css,134,css,577b5fa6,abbymcleod,2026-04-10,15:01:11,-07:00,2026-04-10T15:01:11-07:00,1,12
style.css,135,css,577b5fa6,abbymcleod,2026-04-10,15:01:11,-07:00,2026-04-10T15:01:11-07:00,1,8
style.css,136,css,577b5fa6,abbymcleod,2026-04-10,15:01:11,-07:00,2026-04-10T15:01:11-07:00,0,0
style.css,137,css,577b5fa6,abbymcleod,2026-04-10,15:01:11,-07:00,2026-04-10T15:01:11-07:00,0,0
style.css,138,css,577b5fa6,abbymcleod,2026-04-10,15:01:11,-07:00,2026-04-10T15:01:11-07:00,0,12
style.css,139,css,577b5fa6,abbymcleod,2026-04-10,15:01:11,-07:00,2026-04-10T15:01:11-07:00,1,34
style.css,140,css,577b5fa6,abbymcleod,2026-04-10,15:01:11,-07:00,2026-04-10T15:01:11-07:00,1,21
style.css,141,css,577b5fa6,abbymcleod,2026-04-10,15:01:11,-07:00,2026-04-10T15:01:11-07:00,1,12
style.css,142,css,2c428e73,abbymcleod,2026-04-24,21:20:14,-07:00,2026-04-24T21:20:14-07:00,1,17
style.css,143,css,2c428e73,abbymcleod,2026-04-24,21:20:14,-07:00,2026-04-24T21:20:14-07:00,1,16
style.css,144,css,577b5fa6,abbymcleod,2026-04-10,15:01:11,-07:00,2026-04-10T15:01:11-07:00,0,0
style.css,145,css,577b5fa6,abbymcleod,2026-04-10,15:01:11,-07:00,2026-04-10T15:01:11-07:00,0,0
style.css,146,css,577b5fa6,abbymcleod,2026-04-10,15:01:11,-07:00,2026-04-10T15:01:11-07:00,0,13
style.css,147,css,577b5fa6,abbymcleod,2026-04-10,15:01:11,-07:00,2026-04-10T15:01:11-07:00,1,21
style.css,148,css,577b5fa6,abbymcleod,2026-04-10,15:01:11,-07:00,2026-04-10T15:01:11-07:00,0,0
style.css,149,css,577b5fa6,abbymcleod,2026-04-10,15:01:11,-07:00,2026-04-10T15:01:11-07:00,0,0
style.css,150,css,577b5fa6,abbymcleod,2026-04-10,15:01:11,-07:00,2026-04-10T15:01:11-07:00,0,16
style.css,151,css,577b5fa6,abbymcleod,2026-04-10,15:01:11,-07:00,2026-04-10T15:01:11-07:00,1,21
style.css,152,css,577b5fa6,abbymcleod,2026-04-10,15:01:11,-07:00,2026-04-10T15:01:11-07:00,0,0
style.css,153,css,577b5fa6,abbymcleod,2026-04-10,15:01:11,-07:00,2026-04-10T15:01:11-07:00,0,0
style.css,154,css,577b5fa6,abbymcleod,2026-04-10,15:01:11,-07:00,2026-04-10T15:01:11-07:00,0,15
style.css,155,css,577b5fa6,abbymcleod,2026-04-10,15:01:11,-07:00,2026-04-10T15:01:11-07:00,1,8
style.css,156,css,577b5fa6,abbymcleod,2026-04-10,15:01:11,-07:00,2026-04-10T15:01:11-07:00,1,23
style.css,157,css,577b5fa6,abbymcleod,2026-04-10,15:01:11,-07:00,2026-04-10T15:01:11-07:00,0,0
style.css,158,css,577b5fa6,abbymcleod,2026-04-10,15:01:11,-07:00,2026-04-10T15:01:11-07:00,0,0
style.css,159,css,ec65074a,abbymcleod,2026-05-02,11:05:43,-07:00,2026-05-02T11:05:43-07:00,0,12
style.css,160,css,577b5fa6,abbymcleod,2026-04-10,15:01:11,-07:00,2026-04-10T15:01:11-07:00,1,12
style.css,161,css,577b5fa6,abbymcleod,2026-04-10,15:01:11,-07:00,2026-04-10T15:01:11-07:00,1,58
style.css,162,css,577b5fa6,abbymcleod,2026-04-10,15:01:11,-07:00,2026-04-10T15:01:11-07:00,1,8
style.css,163,css,577b5fa6,abbymcleod,2026-04-10,15:01:11,-07:00,2026-04-10T15:01:11-07:00,0,0
style.css,164,css,577b5fa6,abbymcleod,2026-04-10,15:01:11,-07:00,2026-04-10T15:01:11-07:00,0,0
style.css,165,css,ec65074a,abbymcleod,2026-05-02,11:05:43,-07:00,2026-05-02T11:05:43-07:00,0,20
style.css,166,css,577b5fa6,abbymcleod,2026-04-10,15:01:11,-07:00,2026-04-10T15:01:11-07:00,1,34
style.css,167,css,577b5fa6,abbymcleod,2026-04-10,15:01:11,-07:00,2026-04-10T15:01:11-07:00,1,21
style.css,168,css,577b5fa6,abbymcleod,2026-04-10,15:01:11,-07:00,2026-04-10T15:01:11-07:00,1,12
style.css,169,css,2c428e73,abbymcleod,2026-04-24,21:20:14,-07:00,2026-04-24T21:20:14-07:00,1,17
style.css,170,css,2c428e73,abbymcleod,2026-04-24,21:20:14,-07:00,2026-04-24T21:20:14-07:00,1,16
style.css,171,css,577b5fa6,abbymcleod,2026-04-10,15:01:11,-07:00,2026-04-10T15:01:11-07:00,0,0
style.css,172,css,577b5fa6,abbymcleod,2026-04-10,15:01:11,-07:00,2026-04-10T15:01:11-07:00,0,0
style.css,173,css,577b5fa6,abbymcleod,2026-04-10,15:01:11,-07:00,2026-04-10T15:01:11-07:00,0,18
style.css,174,css,577b5fa6,abbymcleod,2026-04-10,15:01:11,-07:00,2026-04-10T15:01:11-07:00,1,20
style.css,175,css,577b5fa6,abbymcleod,2026-04-10,15:01:11,-07:00,2026-04-10T15:01:11-07:00,1,8
style.css,176,css,577b5fa6,abbymcleod,2026-04-10,15:01:11,-07:00,2026-04-10T15:01:11-07:00,0,0
style.css,177,css,577b5fa6,abbymcleod,2026-04-10,15:01:11,-07:00,2026-04-10T15:01:11-07:00,0,0
style.css,178,css,577b5fa6,abbymcleod,2026-04-10,15:01:11,-07:00,2026-04-10T15:01:11-07:00,0,17
style.css,179,css,577b5fa6,abbymcleod,2026-04-10,15:01:11,-07:00,2026-04-10T15:01:11-07:00,1,8
style.css,180,css,e92e4b95,abbymcleod,2026-04-18,15:22:04,-07:00,2026-04-18T15:22:04-07:00,0,0
style.css,181,css,e92e4b95,abbymcleod,2026-04-18,15:22:04,-07:00,2026-04-18T15:22:04-07:00,0,0
style.css,182,css,43010a0e,abbymcleod,2026-04-18,15:36:51,-07:00,2026-04-18T15:36:51-07:00,0,4
style.css,183,css,43010a0e,abbymcleod,2026-04-18,15:36:51,-07:00,2026-04-18T15:36:51-07:00,1,17
style.css,184,css,43010a0e,abbymcleod,2026-04-18,15:36:51,-07:00,2026-04-18T15:36:51-07:00,0,0
style.css,185,css,90772844,abbymcleod,2026-04-18,15:53:19,-07:00,2026-04-18T15:53:19-07:00,0,0
style.css,186,css,e92e4b95,abbymcleod,2026-04-18,15:22:04,-07:00,2026-04-18T15:22:04-07:00,0,13
style.css,187,css,2ae957cb,abbymcleod,2026-04-18,16:02:44,-07:00,2026-04-18T16:02:44-07:00,1,19
style.css,188,css,e92e4b95,abbymcleod,2026-04-18,15:22:04,-07:00,2026-04-18T15:22:04-07:00,1,17
style.css,189,css,e92e4b95,abbymcleod,2026-04-18,15:22:04,-07:00,2026-04-18T15:22:04-07:00,1,8
style.css,190,css,e92e4b95,abbymcleod,2026-04-18,15:22:04,-07:00,2026-04-18T15:22:04-07:00,1,10
style.css,191,css,e92e4b95,abbymcleod,2026-04-18,15:22:04,-07:00,2026-04-18T15:22:04-07:00,1,15
style.css,192,css,e92e4b95,abbymcleod,2026-04-18,15:22:04,-07:00,2026-04-18T15:22:04-07:00,0,0
style.css,193,css,e92e4b95,abbymcleod,2026-04-18,15:22:04,-07:00,2026-04-18T15:22:04-07:00,0,0
style.css,194,css,e92e4b95,abbymcleod,2026-04-18,15:22:04,-07:00,2026-04-18T15:22:04-07:00,0,20
style.css,195,css,90772844,abbymcleod,2026-04-18,15:53:19,-07:00,2026-04-18T15:53:19-07:00,1,12
style.css,196,css,e92e4b95,abbymcleod,2026-04-18,15:22:04,-07:00,2026-04-18T15:22:04-07:00,0,0
style.css,197,css,34fca211,abbymcleod,2026-04-24,21:12:45,-07:00,2026-04-24T21:12:45-07:00,0,0
style.css,198,css,34fca211,abbymcleod,2026-04-24,21:12:45,-07:00,2026-04-24T21:12:45-07:00,0,17
style.css,199,css,34fca211,abbymcleod,2026-04-24,21:12:45,-07:00,2026-04-24T21:12:45-07:00,1,12
style.css,200,css,34fca211,abbymcleod,2026-04-24,21:12:45,-07:00,2026-04-24T21:12:45-07:00,1,36
style.css,201,css,34fca211,abbymcleod,2026-04-24,21:12:45,-07:00,2026-04-24T21:12:45-07:00,1,10
style.css,202,css,34fca211,abbymcleod,2026-04-24,21:12:45,-07:00,2026-04-24T21:12:45-07:00,1,17
style.css,203,css,34fca211,abbymcleod,2026-04-24,21:12:45,-07:00,2026-04-24T21:12:45-07:00,0,0
style.css,204,css,34fca211,abbymcleod,2026-04-24,21:12:45,-07:00,2026-04-24T21:12:45-07:00,0,0
style.css,205,css,34fca211,abbymcleod,2026-04-24,21:12:45,-07:00,2026-04-24T21:12:45-07:00,0,17
style.css,206,css,34fca211,abbymcleod,2026-04-24,21:12:45,-07:00,2026-04-24T21:12:45-07:00,1,10
style.css,207,css,34fca211,abbymcleod,2026-04-24,21:12:45,-07:00,2026-04-24T21:12:45-07:00,1,16
style.css,208,css,34fca211,abbymcleod,2026-04-24,21:12:45,-07:00,2026-04-24T21:12:45-07:00,0,0
style.css,209,css,34fca211,abbymcleod,2026-04-24,21:12:45,-07:00,2026-04-24T21:12:45-07:00,0,0
style.css,210,css,34fca211,abbymcleod,2026-04-24,21:12:45,-07:00,2026-04-24T21:12:45-07:00,0,17
style.css,211,css,34fca211,abbymcleod,2026-04-24,21:12:45,-07:00,2026-04-24T21:12:45-07:00,1,10
style.css,212,css,34fca211,abbymcleod,2026-04-24,21:12:45,-07:00,2026-04-24T21:12:45-07:00,1,8
style.css,213,css,234eca84,abbymcleod,2026-05-01,22:35:27,-07:00,2026-05-01T22:35:27-07:00,0,0
style.css,214,css,234eca84,abbymcleod,2026-05-01,22:35:27,-07:00,2026-05-01T22:35:27-07:00,0,0
style.css,215,css,234eca84,abbymcleod,2026-05-01,22:35:27,-07:00,2026-05-01T22:35:27-07:00,0,18
style.css,216,css,234eca84,abbymcleod,2026-05-01,22:35:27,-07:00,2026-05-01T22:35:27-07:00,1,14
style.css,217,css,234eca84,abbymcleod,2026-05-01,22:35:27,-07:00,2026-05-01T22:35:27-07:00,1,16
style.css,218,css,234eca84,abbymcleod,2026-05-01,22:35:27,-07:00,2026-05-01T22:35:27-07:00,1,16
style.css,219,css,c5cb1a72,abbymcleod,2026-05-01,22:54:03,-07:00,2026-05-01T22:54:03-07:00,0,0
style.css,220,css,c5cb1a72,abbymcleod,2026-05-01,22:54:03,-07:00,2026-05-01T22:54:03-07:00,0,0
style.css,221,css,a88f43b2,abbymcleod,2026-05-01,23:09:37,-07:00,2026-05-01T23:09:37-07:00,0,23
style.css,222,css,a88f43b2,abbymcleod,2026-05-01,23:09:37,-07:00,2026-05-01T23:09:37-07:00,1,14
style.css,223,css,a88f43b2,abbymcleod,2026-05-01,23:09:37,-07:00,2026-05-01T23:09:37-07:00,1,16
style.css,224,css,a88f43b2,abbymcleod,2026-05-01,23:09:37,-07:00,2026-05-01T23:09:37-07:00,0,0
style.css,225,css,a88f43b2,abbymcleod,2026-05-01,23:09:37,-07:00,2026-05-01T23:09:37-07:00,0,0
style.css,226,css,a88f43b2,abbymcleod,2026-05-01,23:09:37,-07:00,2026-05-01T23:09:37-07:00,0,51
style.css,227,css,a88f43b2,abbymcleod,2026-05-01,23:09:37,-07:00,2026-05-01T23:09:37-07:00,1,11
style.css,228,css,a88f43b2,abbymcleod,2026-05-01,23:09:37,-07:00,2026-05-01T23:09:37-07:00,0,0
style.css,229,css,a88f43b2,abbymcleod,2026-05-01,23:09:37,-07:00,2026-05-01T23:09:37-07:00,0,0
style.css,230,css,a88f43b2,abbymcleod,2026-05-01,23:09:37,-07:00,2026-05-01T23:09:37-07:00,0,9
style.css,231,css,a88f43b2,abbymcleod,2026-05-01,23:09:37,-07:00,2026-05-01T23:09:37-07:00,1,35
style.css,232,css,a88f43b2,abbymcleod,2026-05-01,23:09:37,-07:00,2026-05-01T23:09:37-07:00,0,0
style.css,233,css,a88f43b2,abbymcleod,2026-05-01,23:09:37,-07:00,2026-05-01T23:09:37-07:00,1,10
style.css,234,css,a88f43b2,abbymcleod,2026-05-01,23:09:37,-07:00,2026-05-01T23:09:37-07:00,2,17
style.css,235,css,a88f43b2,abbymcleod,2026-05-01,23:09:37,-07:00,2026-05-01T23:09:37-07:00,1,0
style.css,236,css,a88f43b2,abbymcleod,2026-05-01,23:09:37,-07:00,2026-05-01T23:09:37-07:00,0,0
style.css,237,css,a88f43b2,abbymcleod,2026-05-01,23:09:37,-07:00,2026-05-01T23:09:37-07:00,0,0
style.css,238,css,c5cb1a72,abbymcleod,2026-05-01,22:54:03,-07:00,2026-05-01T22:54:03-07:00,0,7
style.css,239,css,c5cb1a72,abbymcleod,2026-05-01,22:54:03,-07:00,2026-05-01T22:54:03-07:00,1,12
style.css,240,css,c5cb1a72,abbymcleod,2026-05-01,22:54:03,-07:00,2026-05-01T22:54:03-07:00,1,57
style.css,241,css,c5cb1a72,abbymcleod,2026-05-01,22:54:03,-07:00,2026-05-01T22:54:03-07:00,1,7
style.css,242,css,c5cb1a72,abbymcleod,2026-05-01,22:54:03,-07:00,2026-05-01T22:54:03-07:00,1,11
style.css,243,css,c5cb1a72,abbymcleod,2026-05-01,22:54:03,-07:00,2026-05-01T22:54:03-07:00,1,16
style.css,244,css,c5cb1a72,abbymcleod,2026-05-01,22:54:03,-07:00,2026-05-01T22:54:03-07:00,1,36
style.css,245,css,c5cb1a72,abbymcleod,2026-05-01,22:54:03,-07:00,2026-05-01T22:54:03-07:00,1,15
style.css,246,css,54c7ed34,abbymcleod,2026-05-01,22:56:31,-07:00,2026-05-01T22:56:31-07:00,1,6
style.css,247,css,c5cb1a72,abbymcleod,2026-05-01,22:54:03,-07:00,2026-05-01T22:54:03-07:00,0,0
style.css,248,css,c5cb1a72,abbymcleod,2026-05-01,22:54:03,-07:00,2026-05-01T22:54:03-07:00,0,0
style.css,249,css,c5cb1a72,abbymcleod,2026-05-01,22:54:03,-07:00,2026-05-01T22:54:03-07:00,0,12
style.css,250,css,c5cb1a72,abbymcleod,2026-05-01,22:54:03,-07:00,2026-05-01T22:54:03-07:00,1,12
style.css,251,css,c5cb1a72,abbymcleod,2026-05-01,22:54:03,-07:00,2026-05-01T22:54:03-07:00,1,18
style.css,252,css,c5cb1a72,abbymcleod,2026-05-01,22:54:03,-07:00,2026-05-01T22:54:03-07:00,1,9
style.css,253,css,c5cb1a72,abbymcleod,2026-05-01,22:54:03,-07:00,2026-05-01T22:54:03-07:00,0,0
style.css,254,css,c5cb1a72,abbymcleod,2026-05-01,22:54:03,-07:00,2026-05-01T22:54:03-07:00,0,0
style.css,255,css,c5cb1a72,abbymcleod,2026-05-01,22:54:03,-07:00,2026-05-01T22:54:03-07:00,0,7
style.css,256,css,c5cb1a72,abbymcleod,2026-05-01,22:54:03,-07:00,2026-05-01T22:54:03-07:00,1,20
style.css,257,css,c5cb1a72,abbymcleod,2026-05-01,22:54:03,-07:00,2026-05-01T22:54:03-07:00,1,9
style.css,258,css,c5cb1a72,abbymcleod,2026-05-01,22:54:03,-07:00,2026-05-01T22:54:03-07:00,1,18
style.css,259,css,c5cb1a72,abbymcleod,2026-05-01,22:54:03,-07:00,2026-05-01T22:54:03-07:00,1,29
style.css,260,css,c5cb1a72,abbymcleod,2026-05-01,22:54:03,-07:00,2026-05-01T22:54:03-07:00,1,17
style.css,261,css,f9743e91,abbymcleod,2026-05-01,22:55:37,-07:00,2026-05-01T22:55:37-07:00,0,0
style.css,262,css,f9743e91,abbymcleod,2026-05-01,22:55:37,-07:00,2026-05-01T22:55:37-07:00,0,0
style.css,263,css,f9743e91,abbymcleod,2026-05-01,22:55:37,-07:00,2026-05-01T22:55:37-07:00,0,10
style.css,264,css,f9743e91,abbymcleod,2026-05-01,22:55:37,-07:00,2026-05-01T22:55:37-07:00,1,12
style.css,265,css,f9743e91,abbymcleod,2026-05-01,22:55:37,-07:00,2026-05-01T22:55:37-07:00,1,18
style.css,266,css,f9743e91,abbymcleod,2026-05-01,22:55:37,-07:00,2026-05-01T22:55:37-07:00,1,7
style.css,267,css,34fca211,abbymcleod,2026-04-24,21:12:45,-07:00,2026-04-24T21:12:45-07:00,0,0
index.js,1,js,8501e022,abbymcleod,2026-04-24,21:06:37,-07:00,2026-04-24T21:06:37-07:00,0,71
index.js,2,js,2999d788,abbymcleod,2026-04-24,19:17:56,-07:00,2026-04-24T19:17:56-07:00,0,54
index.js,3,js,2999d788,abbymcleod,2026-04-24,19:17:56,-07:00,2026-04-24T19:17:56-07:00,0,42
index.js,4,js,2999d788,abbymcleod,2026-04-24,19:17:56,-07:00,2026-04-24T19:17:56-07:00,0,60
index.js,5,js,2999d788,abbymcleod,2026-04-24,19:17:56,-07:00,2026-04-24T19:17:56-07:00,0,54
index.js,6,js,d6379175,abbymcleod,2026-04-24,19:50:18,-07:00,2026-04-24T19:50:18-07:00,0,58
index.js,7,js,d6379175,abbymcleod,2026-04-24,19:50:18,-07:00,2026-04-24T19:50:18-07:00,0,60
index.js,8,js,d6379175,abbymcleod,2026-04-24,19:50:18,-07:00,2026-04-24T19:50:18-07:00,0,17
index.js,9,js,d6379175,abbymcleod,2026-04-24,19:50:18,-07:00,2026-04-24T19:50:18-07:00,2,24
index.js,10,js,d6379175,abbymcleod,2026-04-24,19:50:18,-07:00,2026-04-24T19:50:18-07:00,5,2
index.js,11,js,d6379175,abbymcleod,2026-04-24,19:50:18,-07:00,2026-04-24T19:50:18-07:00,6,55
index.js,12,js,d6379175,abbymcleod,2026-04-24,19:50:18,-07:00,2026-04-24T19:50:18-07:00,6,55
index.js,13,js,d6379175,abbymcleod,2026-04-24,19:50:18,-07:00,2026-04-24T19:50:18-07:00,6,49
index.js,14,js,d6379175,abbymcleod,2026-04-24,19:50:18,-07:00,2026-04-24T19:50:18-07:00,6,49
index.js,15,js,d6379175,abbymcleod,2026-04-24,19:50:18,-07:00,2026-04-24T19:50:18-07:00,5,3
index.js,16,js,d6379175,abbymcleod,2026-04-24,19:50:18,-07:00,2026-04-24T19:50:18-07:00,3,0
index.js,17,js,d6379175,abbymcleod,2026-04-24,19:50:18,-07:00,2026-04-24T19:50:18-07:00,1,0
index.html,1,html,979b07ec,abbymcleod,2026-04-02,11:54:35,-07:00,2026-04-02T11:54:35-07:00,0,13
index.html,2,html,979b07ec,abbymcleod,2026-04-02,11:54:35,-07:00,2026-04-02T11:54:35-07:00,0,14
index.html,3,html,b2a2f423,abbymcleod,2026-04-18,15:08:02,-07:00,2026-04-18T15:08:02-07:00,0,0
index.html,4,html,979b07ec,abbymcleod,2026-04-02,11:54:35,-07:00,2026-04-02T11:54:35-07:00,0,4
index.html,5,html,979b07ec,abbymcleod,2026-04-02,11:54:35,-07:00,2026-04-02T11:54:35-07:00,2,20
index.html,6,html,979b07ec,abbymcleod,2026-04-02,11:54:35,-07:00,2026-04-02T11:54:35-07:00,2,68
index.html,7,html,cd74cf22,abbymcleod,2026-04-10,13:53:12,-07:00,2026-04-10T13:53:12-07:00,2,17
index.html,8,html,cd74cf22,abbymcleod,2026-04-10,13:53:12,-07:00,2026-04-10T13:53:12-07:00,2,38
index.html,9,html,979b07ec,abbymcleod,2026-04-02,11:54:35,-07:00,2026-04-02T11:54:35-07:00,0,5
index.html,10,html,979b07ec,abbymcleod,2026-04-02,11:54:35,-07:00,2026-04-02T11:54:35-07:00,0,4
index.html,11,html,979b07ec,abbymcleod,2026-04-02,11:54:35,-07:00,2026-04-02T11:54:35-07:00,2,2
index.html,12,html,979b07ec,abbymcleod,2026-04-02,11:54:35,-07:00,2026-04-02T11:54:35-07:00,4,9
index.html,13,html,979b07ec,abbymcleod,2026-04-02,11:54:35,-07:00,2026-04-02T11:54:35-07:00,2,3
index.html,14,html,979b07ec,abbymcleod,2026-04-02,11:54:35,-07:00,2026-04-02T11:54:35-07:00,2,1
index.html,15,html,6e713a01,abbymcleod,2026-04-02,12:21:40,-07:00,2026-04-02T12:21:40-07:00,4,195
index.html,16,html,979b07ec,abbymcleod,2026-04-02,11:54:35,-07:00,2026-04-02T11:54:35-07:00,2,2
index.html,17,html,09116886,abbymcleod,2026-04-03,17:19:47,-07:00,2026-04-03T17:19:47-07:00,2,72
index.html,18,html,d6379175,abbymcleod,2026-04-24,19:50:18,-07:00,2026-04-24T19:50:18-07:00,2,19
index.html,19,html,d6379175,abbymcleod,2026-04-24,19:50:18,-07:00,2026-04-24T19:50:18-07:00,2,28
index.html,20,html,d6379175,abbymcleod,2026-04-24,19:50:18,-07:00,2026-04-24T19:50:18-07:00,2,22
index.html,21,html,2999d788,abbymcleod,2026-04-24,19:17:56,-07:00,2026-04-24T19:17:56-07:00,2,26
index.html,22,html,2999d788,abbymcleod,2026-04-24,19:17:56,-07:00,2026-04-24T19:17:56-07:00,2,47
index.html,23,html,2999d788,abbymcleod,2026-04-24,19:17:56,-07:00,2026-04-24T19:17:56-07:00,2,46
index.html,24,html,979b07ec,abbymcleod,2026-04-02,11:54:35,-07:00,2026-04-02T11:54:35-07:00,0,5
index.html,25,html,979b07ec,abbymcleod,2026-04-02,11:54:35,-07:00,2026-04-02T11:54:35-07:00,0,5
global.js,1,js,5f95b3ac,abbymcleod,2026-04-17,22:53:07,-07:00,2026-04-17T22:53:07-07:00,0,25
global.js,2,js,5f95b3ac,abbymcleod,2026-04-17,22:53:07,-07:00,2026-04-17T22:53:07-07:00,0,0
global.js,3,js,5f95b3ac,abbymcleod,2026-04-17,22:53:07,-07:00,2026-04-17T22:53:07-07:00,0,41
global.js,4,js,5f95b3ac,abbymcleod,2026-04-17,22:53:07,-07:00,2026-04-17T22:53:07-07:00,1,52
global.js,5,js,45f8725e,abbymcleod,2026-04-18,14:37:59,-07:00,2026-04-18T14:37:59-07:00,0,0
global.js,6,js,45f8725e,abbymcleod,2026-04-18,14:37:59,-07:00,2026-04-18T14:37:59-07:00,0,0
global.js,7,js,b2a2f423,abbymcleod,2026-04-18,15:08:02,-07:00,2026-04-18T15:08:02-07:00,0,11
global.js,8,js,b2a2f423,abbymcleod,2026-04-18,15:08:02,-07:00,2026-04-18T15:08:02-07:00,2,25
global.js,9,js,b2a2f423,abbymcleod,2026-04-18,15:08:02,-07:00,2026-04-18T15:08:02-07:00,2,38
global.js,10,js,b2a2f423,abbymcleod,2026-04-18,15:08:02,-07:00,2026-04-18T15:08:02-07:00,2,36
global.js,11,js,b2a2f423,abbymcleod,2026-04-18,15:08:02,-07:00,2026-04-18T15:08:02-07:00,2,34
global.js,12,js,b2a2f423,abbymcleod,2026-04-18,15:08:02,-07:00,2026-04-18T15:08:02-07:00,2,56
global.js,13,js,bdea84ee,abbymcleod,2026-05-07,16:37:38,-07:00,2026-05-07T16:37:38-07:00,2,30
global.js,14,js,b2a2f423,abbymcleod,2026-04-18,15:08:02,-07:00,2026-04-18T15:08:02-07:00,1,0
global.js,15,js,45f8725e,abbymcleod,2026-04-18,14:37:59,-07:00,2026-04-18T14:37:59-07:00,0,0
global.js,16,js,b2a2f423,abbymcleod,2026-04-18,15:08:02,-07:00,2026-04-18T15:08:02-07:00,0,15
global.js,17,js,b2a2f423,abbymcleod,2026-04-18,15:08:02,-07:00,2026-04-18T15:08:02-07:00,1,68
global.js,18,js,b2a2f423,abbymcleod,2026-04-18,15:08:02,-07:00,2026-04-18T15:08:02-07:00,2,3
global.js,19,js,b2a2f423,abbymcleod,2026-04-18,15:08:02,-07:00,2026-04-18T15:08:02-07:00,2,14
global.js,20,js,45f8725e,abbymcleod,2026-04-18,14:37:59,-07:00,2026-04-18T14:37:59-07:00,0,0
global.js,21,js,b2a2f423,abbymcleod,2026-04-18,15:08:02,-07:00,2026-04-18T15:08:02-07:00,0,38
global.js,22,js,b2a2f423,abbymcleod,2026-04-18,15:08:02,-07:00,2026-04-18T15:08:02-07:00,0,25
global.js,23,js,b2a2f423,abbymcleod,2026-04-18,15:08:02,-07:00,2026-04-18T15:08:02-07:00,0,0
global.js,24,js,b2a2f423,abbymcleod,2026-04-18,15:08:02,-07:00,2026-04-18T15:08:02-07:00,0,20
global.js,25,js,b2a2f423,abbymcleod,2026-04-18,15:08:02,-07:00,2026-04-18T15:08:02-07:00,2,14
global.js,26,js,b2a2f423,abbymcleod,2026-04-18,15:08:02,-07:00,2026-04-18T15:08:02-07:00,0,0
global.js,27,js,b2a2f423,abbymcleod,2026-04-18,15:08:02,-07:00,2026-04-18T15:08:02-07:00,2,52
global.js,28,js,b2a2f423,abbymcleod,2026-04-18,15:08:02,-07:00,2026-04-18T15:08:02-07:00,0,0
global.js,29,js,b2a2f423,abbymcleod,2026-04-18,15:08:02,-07:00,2026-04-18T15:08:02-07:00,2,34
global.js,30,js,b2a2f423,abbymcleod,2026-04-18,15:08:02,-07:00,2026-04-18T15:08:02-07:00,2,11
global.js,31,js,b2a2f423,abbymcleod,2026-04-18,15:08:02,-07:00,2026-04-18T15:08:02-07:00,2,22
global.js,32,js,b2a2f423,abbymcleod,2026-04-18,15:08:02,-07:00,2026-04-18T15:08:02-07:00,0,0
global.js,33,js,b2a2f423,abbymcleod,2026-04-18,15:08:02,-07:00,2026-04-18T15:08:02-07:00,2,17
global.js,34,js,b2a2f423,abbymcleod,2026-04-18,15:08:02,-07:00,2026-04-18T15:08:02-07:00,4,8
global.js,35,js,b2a2f423,abbymcleod,2026-04-18,15:08:02,-07:00,2026-04-18T15:08:02-07:00,4,25
global.js,36,js,b2a2f423,abbymcleod,2026-04-18,15:08:02,-07:00,2026-04-18T15:08:02-07:00,5,68
global.js,37,js,b2a2f423,abbymcleod,2026-04-18,15:08:02,-07:00,2026-04-18T15:08:02-07:00,3,0
global.js,38,js,b2a2f423,abbymcleod,2026-04-18,15:08:02,-07:00,2026-04-18T15:08:02-07:00,0,0
global.js,39,js,b2a2f423,abbymcleod,2026-04-18,15:08:02,-07:00,2026-04-18T15:08:02-07:00,3,29
global.js,40,js,b2a2f423,abbymcleod,2026-04-18,15:08:02,-07:00,2026-04-18T15:08:02-07:00,4,18
global.js,41,js,b2a2f423,abbymcleod,2026-04-18,15:08:02,-07:00,2026-04-18T15:08:02-07:00,3,0
global.js,42,js,b2a2f423,abbymcleod,2026-04-18,15:08:02,-07:00,2026-04-18T15:08:02-07:00,2,0
global.js,43,js,b2a2f423,abbymcleod,2026-04-18,15:08:02,-07:00,2026-04-18T15:08:02-07:00,3,12
global.js,44,js,e92e4b95,abbymcleod,2026-04-18,15:22:04,-07:00,2026-04-18T15:22:04-07:00,0,0
global.js,45,js,e92e4b95,abbymcleod,2026-04-18,15:22:04,-07:00,2026-04-18T15:22:04-07:00,0,0
global.js,46,js,e92e4b95,abbymcleod,2026-04-18,15:22:04,-07:00,2026-04-18T15:22:04-07:00,0,31
global.js,47,js,e92e4b95,abbymcleod,2026-04-18,15:22:04,-07:00,2026-04-18T15:22:04-07:00,2,11
global.js,48,js,e92e4b95,abbymcleod,2026-04-18,15:22:04,-07:00,2026-04-18T15:22:04-07:00,2,0
global.js,49,js,e92e4b95,abbymcleod,2026-04-18,15:22:04,-07:00,2026-04-18T15:22:04-07:00,2,26
global.js,50,js,e92e4b95,abbymcleod,2026-04-18,15:22:04,-07:00,2026-04-18T15:22:04-07:00,3,4
global.js,51,js,e92e4b95,abbymcleod,2026-04-18,15:22:04,-07:00,2026-04-18T15:22:04-07:00,3,6
global.js,52,js,e92e4b95,abbymcleod,2026-04-18,15:22:04,-07:00,2026-04-18T15:22:04-07:00,4,43
global.js,53,js,e92e4b95,abbymcleod,2026-04-18,15:22:04,-07:00,2026-04-18T15:22:04-07:00,4,34
global.js,54,js,e92e4b95,abbymcleod,2026-04-18,15:22:04,-07:00,2026-04-18T15:22:04-07:00,4,32
global.js,55,js,e92e4b95,abbymcleod,2026-04-18,15:22:04,-07:00,2026-04-18T15:22:04-07:00,3,7
global.js,56,js,e92e4b95,abbymcleod,2026-04-18,15:22:04,-07:00,2026-04-18T15:22:04-07:00,2,6
global.js,57,js,e92e4b95,abbymcleod,2026-04-18,15:22:04,-07:00,2026-04-18T15:22:04-07:00,1,0
global.js,58,js,e92e4b95,abbymcleod,2026-04-18,15:22:04,-07:00,2026-04-18T15:22:04-07:00,1,0
global.js,59,js,e92e4b95,abbymcleod,2026-04-18,15:22:04,-07:00,2026-04-18T15:22:04-07:00,0,0
global.js,60,js,e92e4b95,abbymcleod,2026-04-18,15:22:04,-07:00,2026-04-18T15:22:04-07:00,0,58
global.js,61,js,e92e4b95,abbymcleod,2026-04-18,15:22:04,-07:00,2026-04-18T15:22:04-07:00,0,0
global.js,62,js,e92e4b95,abbymcleod,2026-04-18,15:22:04,-07:00,2026-04-18T15:22:04-07:00,0,31
global.js,63,js,e92e4b95,abbymcleod,2026-04-18,15:22:04,-07:00,2026-04-18T15:22:04-07:00,2,65
global.js,64,js,e92e4b95,abbymcleod,2026-04-18,15:22:04,-07:00,2026-04-18T15:22:04-07:00,2,32
global.js,65,js,e92e4b95,abbymcleod,2026-04-18,15:22:04,-07:00,2026-04-18T15:22:04-07:00,1,0
global.js,66,js,e92e4b95,abbymcleod,2026-04-18,15:22:04,-07:00,2026-04-18T15:22:04-07:00,0,0
global.js,67,js,e92e4b95,abbymcleod,2026-04-18,15:22:04,-07:00,2026-04-18T15:22:04-07:00,1,49
global.js,68,js,e92e4b95,abbymcleod,2026-04-18,15:22:04,-07:00,2026-04-18T15:22:04-07:00,2,29
global.js,69,js,e92e4b95,abbymcleod,2026-04-18,15:22:04,-07:00,2026-04-18T15:22:04-07:00,2,44
global.js,70,js,e92e4b95,abbymcleod,2026-04-18,15:22:04,-07:00,2026-04-18T15:22:04-07:00,2,20
global.js,71,js,e92e4b95,abbymcleod,2026-04-18,15:22:04,-07:00,2026-04-18T15:22:04-07:00,1,1
global.js,72,js,e92e4b95,abbymcleod,2026-04-18,15:22:04,-07:00,2026-04-18T15:22:04-07:00,0,0
global.js,73,js,e92e4b95,abbymcleod,2026-04-18,15:22:04,-07:00,2026-04-18T15:22:04-07:00,1,34
global.js,74,js,e92e4b95,abbymcleod,2026-04-18,15:22:04,-07:00,2026-04-18T15:22:04-07:00,2,35
global.js,75,js,e92e4b95,abbymcleod,2026-04-18,15:22:04,-07:00,2026-04-18T15:22:04-07:00,2,20
global.js,76,js,e92e4b95,abbymcleod,2026-04-18,15:22:04,-07:00,2026-04-18T15:22:04-07:00,2,19
global.js,77,js,901957c1,abbymcleod,2026-04-24,14:53:47,-07:00,2026-04-24T14:53:47-07:00,1,0
global.js,78,js,901957c1,abbymcleod,2026-04-24,14:53:47,-07:00,2026-04-24T14:53:47-07:00,0,36
global.js,79,js,901957c1,abbymcleod,2026-04-24,14:53:47,-07:00,2026-04-24T14:53:47-07:00,1,3
global.js,80,js,901957c1,abbymcleod,2026-04-24,14:53:47,-07:00,2026-04-24T14:53:47-07:00,2,32
global.js,81,js,901957c1,abbymcleod,2026-04-24,14:53:47,-07:00,2026-04-24T14:53:47-07:00,0,0
global.js,82,js,901957c1,abbymcleod,2026-04-24,14:53:47,-07:00,2026-04-24T14:53:47-07:00,2,20
global.js,83,js,901957c1,abbymcleod,2026-04-24,14:53:47,-07:00,2026-04-24T14:53:47-07:00,0,0
global.js,84,js,901957c1,abbymcleod,2026-04-24,14:53:47,-07:00,2026-04-24T14:53:47-07:00,2,17
global.js,85,js,901957c1,abbymcleod,2026-04-24,14:53:47,-07:00,2026-04-24T14:53:47-07:00,3,66
global.js,86,js,901957c1,abbymcleod,2026-04-24,14:53:47,-07:00,2026-04-24T14:53:47-07:00,2,0
global.js,87,js,901957c1,abbymcleod,2026-04-24,14:53:47,-07:00,2026-04-24T14:53:47-07:00,1,0
global.js,88,js,901957c1,abbymcleod,2026-04-24,14:53:47,-07:00,2026-04-24T14:53:47-07:00,2,33
global.js,89,js,901957c1,abbymcleod,2026-04-24,14:53:47,-07:00,2026-04-24T14:53:47-07:00,2,10
global.js,90,js,901957c1,abbymcleod,2026-04-24,14:53:47,-07:00,2026-04-24T14:53:47-07:00,1,15
global.js,91,js,901957c1,abbymcleod,2026-04-24,14:53:47,-07:00,2026-04-24T14:53:47-07:00,2,59
global.js,92,js,901957c1,abbymcleod,2026-04-24,14:53:47,-07:00,2026-04-24T14:53:47-07:00,1,0
global.js,93,js,79df5031,abbymcleod,2026-04-24,15:51:51,-07:00,2026-04-24T15:51:51-07:00,0,0
global.js,94,js,79df5031,abbymcleod,2026-04-24,15:51:51,-07:00,2026-04-24T15:51:51-07:00,0,0
global.js,95,js,79df5031,abbymcleod,2026-04-24,15:51:51,-07:00,2026-04-24T15:51:51-07:00,0,79
global.js,96,js,79df5031,abbymcleod,2026-04-24,15:51:51,-07:00,2026-04-24T15:51:51-07:00,1,22
global.js,97,js,79df5031,abbymcleod,2026-04-24,15:51:51,-07:00,2026-04-24T15:51:51-07:00,2,43
global.js,98,js,79df5031,abbymcleod,2026-04-24,15:51:51,-07:00,2026-04-24T15:51:51-07:00,2,5
global.js,99,js,79df5031,abbymcleod,2026-04-24,15:51:51,-07:00,2026-04-24T15:51:51-07:00,1,0
global.js,100,js,79df5031,abbymcleod,2026-04-24,15:51:51,-07:00,2026-04-24T15:51:51-07:00,0,0
global.js,101,js,79df5031,abbymcleod,2026-04-24,15:51:51,-07:00,2026-04-24T15:51:51-07:00,1,29
global.js,102,js,79df5031,abbymcleod,2026-04-24,15:51:51,-07:00,2026-04-24T15:51:51-07:00,2,41
global.js,103,js,79df5031,abbymcleod,2026-04-24,15:51:51,-07:00,2026-04-24T15:51:51-07:00,2,5
global.js,104,js,79df5031,abbymcleod,2026-04-24,15:51:51,-07:00,2026-04-24T15:51:51-07:00,1,0
global.js,105,js,79df5031,abbymcleod,2026-04-24,15:51:51,-07:00,2026-04-24T15:51:51-07:00,0,0
global.js,106,js,79df5031,abbymcleod,2026-04-24,15:51:51,-07:00,2026-04-24T15:51:51-07:00,1,57
global.js,107,js,79df5031,abbymcleod,2026-04-24,15:51:51,-07:00,2026-04-24T15:51:51-07:00,0,0
global.js,108,js,79df5031,abbymcleod,2026-04-24,15:51:51,-07:00,2026-04-24T15:51:51-07:00,1,42
global.js,109,js,79df5031,abbymcleod,2026-04-24,15:51:51,-07:00,2026-04-24T15:51:51-07:00,2,18
global.js,110,js,79df5031,abbymcleod,2026-04-24,15:51:51,-07:00,2026-04-24T15:51:51-07:00,1,0
global.js,111,js,79df5031,abbymcleod,2026-04-24,15:51:51,-07:00,2026-04-24T15:51:51-07:00,0,0
global.js,112,js,79df5031,abbymcleod,2026-04-24,15:51:51,-07:00,2026-04-24T15:51:51-07:00,1,30
global.js,113,js,79df5031,abbymcleod,2026-04-24,15:51:51,-07:00,2026-04-24T15:51:51-07:00,0,0
global.js,114,js,79df5031,abbymcleod,2026-04-24,15:51:51,-07:00,2026-04-24T15:51:51-07:00,1,29
global.js,115,js,79df5031,abbymcleod,2026-04-24,15:51:51,-07:00,2026-04-24T15:51:51-07:00,2,48
global.js,116,js,79df5031,abbymcleod,2026-04-24,15:51:51,-07:00,2026-04-24T15:51:51-07:00,0,0
global.js,117,js,79df5031,abbymcleod,2026-04-24,15:51:51,-07:00,2026-04-24T15:51:51-07:00,2,19
global.js,118,js,79df5031,abbymcleod,2026-04-24,15:51:51,-07:00,2026-04-24T15:51:51-07:00,3,49
global.js,119,js,0f878d9a,abbymcleod,2026-04-29,16:32:33,-07:00,2026-04-29T16:32:33-07:00,3,43
global.js,120,js,79df5031,abbymcleod,2026-04-24,15:51:51,-07:00,2026-04-24T15:51:51-07:00,3,49
global.js,121,js,79df5031,abbymcleod,2026-04-24,15:51:51,-07:00,2026-04-24T15:51:51-07:00,3,27
global.js,122,js,79df5031,abbymcleod,2026-04-24,15:51:51,-07:00,2026-04-24T15:51:51-07:00,2,0
global.js,123,js,79df5031,abbymcleod,2026-04-24,15:51:51,-07:00,2026-04-24T15:51:51-07:00,0,0
global.js,124,js,79df5031,abbymcleod,2026-04-24,15:51:51,-07:00,2026-04-24T15:51:51-07:00,2,36
global.js,125,js,79df5031,abbymcleod,2026-04-24,15:51:51,-07:00,2026-04-24T15:51:51-07:00,1,0
global.js,126,js,d6379175,abbymcleod,2026-04-24,19:50:18,-07:00,2026-04-24T19:50:18-07:00,0,0
global.js,127,js,d6379175,abbymcleod,2026-04-24,19:50:18,-07:00,2026-04-24T19:50:18-07:00,0,0
global.js,128,js,d6379175,abbymcleod,2026-04-24,19:50:18,-07:00,2026-04-24T19:50:18-07:00,0,47
global.js,129,js,d6379175,abbymcleod,2026-04-24,19:50:18,-07:00,2026-04-24T19:50:18-07:00,1,59
global.js,130,js,901957c1,abbymcleod,2026-04-24,14:53:47,-07:00,2026-04-24T14:53:47-07:00,0,0
resume/index.html,1,html,3a881a27,abbymcleod,2026-04-03,18:05:06,-07:00,2026-04-03T18:05:06-07:00,0,13
resume/index.html,2,html,3a881a27,abbymcleod,2026-04-03,18:05:06,-07:00,2026-04-03T18:05:06-07:00,0,14
resume/index.html,3,html,b2a2f423,abbymcleod,2026-04-18,15:08:02,-07:00,2026-04-18T15:08:02-07:00,0,0
resume/index.html,4,html,3a881a27,abbymcleod,2026-04-03,18:05:06,-07:00,2026-04-03T18:05:06-07:00,0,4
resume/index.html,5,html,3a881a27,abbymcleod,2026-04-03,18:05:06,-07:00,2026-04-03T18:05:06-07:00,1,20
resume/index.html,6,html,3a881a27,abbymcleod,2026-04-03,18:05:06,-07:00,2026-04-03T18:05:06-07:00,1,19
resume/index.html,7,html,3a881a27,abbymcleod,2026-04-03,18:05:06,-07:00,2026-04-03T18:05:06-07:00,1,41
resume/index.html,8,html,5f95b3ac,abbymcleod,2026-04-17,22:53:07,-07:00,2026-04-17T22:53:07-07:00,1,48
resume/index.html,9,html,3a881a27,abbymcleod,2026-04-03,18:05:06,-07:00,2026-04-03T18:05:06-07:00,0,5
resume/index.html,10,html,3a881a27,abbymcleod,2026-04-03,18:05:06,-07:00,2026-04-03T18:05:06-07:00,0,4
resume/index.html,11,html,3a881a27,abbymcleod,2026-04-03,18:05:06,-07:00,2026-04-03T18:05:06-07:00,0,0
resume/index.html,12,html,3a881a27,abbymcleod,2026-04-03,18:05:06,-07:00,2026-04-03T18:05:06-07:00,1,16
resume/index.html,13,html,3a881a27,abbymcleod,2026-04-03,18:05:06,-07:00,2026-04-03T18:05:06-07:00,0,0
resume/index.html,14,html,3a881a27,abbymcleod,2026-04-03,18:05:06,-07:00,2026-04-03T18:05:06-07:00,1,28
resume/index.html,15,html,df17fbae,abbymcleod,2026-04-03,18:07:05,-07:00,2026-04-03T18:07:05-07:00,1,72
resume/index.html,16,html,3a881a27,abbymcleod,2026-04-03,18:05:06,-07:00,2026-04-03T18:05:06-07:00,0,0
resume/index.html,17,html,3a881a27,abbymcleod,2026-04-03,18:05:06,-07:00,2026-04-03T18:05:06-07:00,1,30
resume/index.html,18,html,3a881a27,abbymcleod,2026-04-03,18:05:06,-07:00,2026-04-03T18:05:06-07:00,1,1
resume/index.html,19,html,df17fbae,abbymcleod,2026-04-03,18:07:05,-07:00,2026-04-03T18:07:05-07:00,2,69
resume/index.html,20,html,3a881a27,abbymcleod,2026-04-03,18:05:06,-07:00,2026-04-03T18:05:06-07:00,1,2
resume/index.html,21,html,3a881a27,abbymcleod,2026-04-03,18:05:06,-07:00,2026-04-03T18:05:06-07:00,0,0
resume/index.html,22,html,577b5fa6,abbymcleod,2026-04-10,15:01:11,-07:00,2026-04-10T15:01:11-07:00,1,27
resume/index.html,23,html,577b5fa6,abbymcleod,2026-04-10,15:01:11,-07:00,2026-04-10T15:01:11-07:00,2,28
resume/index.html,24,html,577b5fa6,abbymcleod,2026-04-10,15:01:11,-07:00,2026-04-10T15:01:11-07:00,3,18
resume/index.html,25,html,577b5fa6,abbymcleod,2026-04-10,15:01:11,-07:00,2026-04-10T15:01:11-07:00,3,24
resume/index.html,26,html,577b5fa6,abbymcleod,2026-04-10,15:01:11,-07:00,2026-04-10T15:01:11-07:00,4,92
resume/index.html,27,html,577b5fa6,abbymcleod,2026-04-10,15:01:11,-07:00,2026-04-10T15:01:11-07:00,3,2
resume/index.html,28,html,577b5fa6,abbymcleod,2026-04-10,15:01:11,-07:00,2026-04-10T15:01:11-07:00,2,7
resume/index.html,29,html,577b5fa6,abbymcleod,2026-04-10,15:01:11,-07:00,2026-04-10T15:01:11-07:00,1,0
resume/index.html,30,html,577b5fa6,abbymcleod,2026-04-10,15:01:11,-07:00,2026-04-10T15:01:11-07:00,2,30
resume/index.html,31,html,577b5fa6,abbymcleod,2026-04-10,15:01:11,-07:00,2026-04-10T15:01:11-07:00,3,16
resume/index.html,32,html,577b5fa6,abbymcleod,2026-04-10,15:01:11,-07:00,2026-04-10T15:01:11-07:00,3,7
resume/index.html,33,html,577b5fa6,abbymcleod,2026-04-10,15:01:11,-07:00,2026-04-10T15:01:11-07:00,4,42
resume/index.html,34,html,577b5fa6,abbymcleod,2026-04-10,15:01:11,-07:00,2026-04-10T15:01:11-07:00,4,1
resume/index.html,35,html,577b5fa6,abbymcleod,2026-04-10,15:01:11,-07:00,2026-04-10T15:01:11-07:00,5,88
resume/index.html,36,html,577b5fa6,abbymcleod,2026-04-10,15:01:11,-07:00,2026-04-10T15:01:11-07:00,5,23
resume/index.html,37,html,577b5fa6,abbymcleod,2026-04-10,15:01:11,-07:00,2026-04-10T15:01:11-07:00,5,46
resume/index.html,38,html,577b5fa6,abbymcleod,2026-04-10,15:01:11,-07:00,2026-04-10T15:01:11-07:00,4,2
resume/index.html,39,html,577b5fa6,abbymcleod,2026-04-10,15:01:11,-07:00,2026-04-10T15:01:11-07:00,4,1
resume/index.html,40,html,577b5fa6,abbymcleod,2026-04-10,15:01:11,-07:00,2026-04-10T15:01:11-07:00,5,105
resume/index.html,41,html,577b5fa6,abbymcleod,2026-04-10,15:01:11,-07:00,2026-04-10T15:01:11-07:00,5,85
resume/index.html,42,html,577b5fa6,abbymcleod,2026-04-10,15:01:11,-07:00,2026-04-10T15:01:11-07:00,4,2
resume/index.html,43,html,577b5fa6,abbymcleod,2026-04-10,15:01:11,-07:00,2026-04-10T15:01:11-07:00,3,8
resume/index.html,44,html,577b5fa6,abbymcleod,2026-04-10,15:01:11,-07:00,2026-04-10T15:01:11-07:00,2,8
resume/index.html,45,html,577b5fa6,abbymcleod,2026-04-10,15:01:11,-07:00,2026-04-10T15:01:11-07:00,1,0
resume/index.html,46,html,577b5fa6,abbymcleod,2026-04-10,15:01:11,-07:00,2026-04-10T15:01:11-07:00,2,30
resume/index.html,47,html,577b5fa6,abbymcleod,2026-04-10,15:01:11,-07:00,2026-04-10T15:01:11-07:00,3,23
resume/index.html,48,html,577b5fa6,abbymcleod,2026-04-10,15:01:11,-07:00,2026-04-10T15:01:11-07:00,3,23
resume/index.html,49,html,577b5fa6,abbymcleod,2026-04-10,15:01:11,-07:00,2026-04-10T15:01:11-07:00,4,7
resume/index.html,50,html,577b5fa6,abbymcleod,2026-04-10,15:01:11,-07:00,2026-04-10T15:01:11-07:00,5,18
resume/index.html,51,html,577b5fa6,abbymcleod,2026-04-10,15:01:11,-07:00,2026-04-10T15:01:11-07:00,5,30
resume/index.html,52,html,577b5fa6,abbymcleod,2026-04-10,15:01:11,-07:00,2026-04-10T15:01:11-07:00,4,8
resume/index.html,53,html,577b5fa6,abbymcleod,2026-04-10,15:01:11,-07:00,2026-04-10T15:01:11-07:00,4,7
resume/index.html,54,html,577b5fa6,abbymcleod,2026-04-10,15:01:11,-07:00,2026-04-10T15:01:11-07:00,5,19
resume/index.html,55,html,577b5fa6,abbymcleod,2026-04-10,15:01:11,-07:00,2026-04-10T15:01:11-07:00,5,123
resume/index.html,56,html,577b5fa6,abbymcleod,2026-04-10,15:01:11,-07:00,2026-04-10T15:01:11-07:00,4,8
resume/index.html,57,html,577b5fa6,abbymcleod,2026-04-10,15:01:11,-07:00,2026-04-10T15:01:11-07:00,4,7
resume/index.html,58,html,577b5fa6,abbymcleod,2026-04-10,15:01:11,-07:00,2026-04-10T15:01:11-07:00,5,24
resume/index.html,59,html,577b5fa6,abbymcleod,2026-04-10,15:01:11,-07:00,2026-04-10T15:01:11-07:00,5,58
resume/index.html,60,html,577b5fa6,abbymcleod,2026-04-10,15:01:11,-07:00,2026-04-10T15:01:11-07:00,4,8
resume/index.html,61,html,577b5fa6,abbymcleod,2026-04-10,15:01:11,-07:00,2026-04-10T15:01:11-07:00,4,7
resume/index.html,62,html,577b5fa6,abbymcleod,2026-04-10,15:01:11,-07:00,2026-04-10T15:01:11-07:00,5,32
resume/index.html,63,html,577b5fa6,abbymcleod,2026-04-10,15:01:11,-07:00,2026-04-10T15:01:11-07:00,5,91
resume/index.html,64,html,577b5fa6,abbymcleod,2026-04-10,15:01:11,-07:00,2026-04-10T15:01:11-07:00,4,8
resume/index.html,65,html,577b5fa6,abbymcleod,2026-04-10,15:01:11,-07:00,2026-04-10T15:01:11-07:00,3,4
resume/index.html,66,html,577b5fa6,abbymcleod,2026-04-10,15:01:11,-07:00,2026-04-10T15:01:11-07:00,2,8
resume/index.html,67,html,577b5fa6,abbymcleod,2026-04-10,15:01:11,-07:00,2026-04-10T15:01:11-07:00,1,0
resume/index.html,68,html,577b5fa6,abbymcleod,2026-04-10,15:01:11,-07:00,2026-04-10T15:01:11-07:00,2,30
resume/index.html,69,html,577b5fa6,abbymcleod,2026-04-10,15:01:11,-07:00,2026-04-10T15:01:11-07:00,3,17
resume/index.html,70,html,577b5fa6,abbymcleod,2026-04-10,15:01:11,-07:00,2026-04-10T15:01:11-07:00,1,0
resume/index.html,71,html,577b5fa6,abbymcleod,2026-04-10,15:01:11,-07:00,2026-04-10T15:01:11-07:00,3,27
resume/index.html,72,html,577b5fa6,abbymcleod,2026-04-10,15:01:11,-07:00,2026-04-10T15:01:11-07:00,4,24
resume/index.html,73,html,577b5fa6,abbymcleod,2026-04-10,15:01:11,-07:00,2026-04-10T15:01:11-07:00,5,55
resume/index.html,74,html,577b5fa6,abbymcleod,2026-04-10,15:01:11,-07:00,2026-04-10T15:01:11-07:00,5,43
resume/index.html,75,html,577b5fa6,abbymcleod,2026-04-10,15:01:11,-07:00,2026-04-10T15:01:11-07:00,4,4
resume/index.html,76,html,577b5fa6,abbymcleod,2026-04-10,15:01:11,-07:00,2026-04-10T15:01:11-07:00,4,2
resume/index.html,77,html,577b5fa6,abbymcleod,2026-04-10,15:01:11,-07:00,2026-04-10T15:01:11-07:00,5,120
resume/index.html,78,html,577b5fa6,abbymcleod,2026-04-10,15:01:11,-07:00,2026-04-10T15:01:11-07:00,5,126
resume/index.html,79,html,577b5fa6,abbymcleod,2026-04-10,15:01:11,-07:00,2026-04-10T15:01:11-07:00,5,114
resume/index.html,80,html,577b5fa6,abbymcleod,2026-04-10,15:01:11,-07:00,2026-04-10T15:01:11-07:00,5,123
resume/index.html,81,html,577b5fa6,abbymcleod,2026-04-10,15:01:11,-07:00,2026-04-10T15:01:11-07:00,4,3
resume/index.html,82,html,577b5fa6,abbymcleod,2026-04-10,15:01:11,-07:00,2026-04-10T15:01:11-07:00,3,8
resume/index.html,83,html,577b5fa6,abbymcleod,2026-04-10,15:01:11,-07:00,2026-04-10T15:01:11-07:00,1,0
resume/index.html,84,html,577b5fa6,abbymcleod,2026-04-10,15:01:11,-07:00,2026-04-10T15:01:11-07:00,3,27
resume/index.html,85,html,577b5fa6,abbymcleod,2026-04-10,15:01:11,-07:00,2026-04-10T15:01:11-07:00,4,24
resume/index.html,86,html,577b5fa6,abbymcleod,2026-04-10,15:01:11,-07:00,2026-04-10T15:01:11-07:00,5,76
resume/index.html,87,html,577b5fa6,abbymcleod,2026-04-10,15:01:11,-07:00,2026-04-10T15:01:11-07:00,5,44
resume/index.html,88,html,577b5fa6,abbymcleod,2026-04-10,15:01:11,-07:00,2026-04-10T15:01:11-07:00,4,4
resume/index.html,89,html,577b5fa6,abbymcleod,2026-04-10,15:01:11,-07:00,2026-04-10T15:01:11-07:00,4,2
resume/index.html,90,html,577b5fa6,abbymcleod,2026-04-10,15:01:11,-07:00,2026-04-10T15:01:11-07:00,5,139
resume/index.html,91,html,577b5fa6,abbymcleod,2026-04-10,15:01:11,-07:00,2026-04-10T15:01:11-07:00,5,137
resume/index.html,92,html,577b5fa6,abbymcleod,2026-04-10,15:01:11,-07:00,2026-04-10T15:01:11-07:00,5,118
resume/index.html,93,html,577b5fa6,abbymcleod,2026-04-10,15:01:11,-07:00,2026-04-10T15:01:11-07:00,4,3
resume/index.html,94,html,577b5fa6,abbymcleod,2026-04-10,15:01:11,-07:00,2026-04-10T15:01:11-07:00,3,8
resume/index.html,95,html,577b5fa6,abbymcleod,2026-04-10,15:01:11,-07:00,2026-04-10T15:01:11-07:00,2,8
resume/index.html,96,html,577b5fa6,abbymcleod,2026-04-10,15:01:11,-07:00,2026-04-10T15:01:11-07:00,1,0
resume/index.html,97,html,577b5fa6,abbymcleod,2026-04-10,15:01:11,-07:00,2026-04-10T15:01:11-07:00,2,30
resume/index.html,98,html,577b5fa6,abbymcleod,2026-04-10,15:01:11,-07:00,2026-04-10T15:01:11-07:00,3,15
resume/index.html,99,html,577b5fa6,abbymcleod,2026-04-10,15:01:11,-07:00,2026-04-10T15:01:11-07:00,3,20
resume/index.html,100,html,577b5fa6,abbymcleod,2026-04-10,15:01:11,-07:00,2026-04-10T15:01:11-07:00,4,7
resume/index.html,101,html,577b5fa6,abbymcleod,2026-04-10,15:01:11,-07:00,2026-04-10T15:01:11-07:00,5,51
resume/index.html,102,html,577b5fa6,abbymcleod,2026-04-10,15:01:11,-07:00,2026-04-10T15:01:11-07:00,5,1
resume/index.html,103,html,577b5fa6,abbymcleod,2026-04-10,15:01:11,-07:00,2026-04-10T15:01:11-07:00,6,100
resume/index.html,104,html,577b5fa6,abbymcleod,2026-04-10,15:01:11,-07:00,2026-04-10T15:01:11-07:00,6,71
resume/index.html,105,html,577b5fa6,abbymcleod,2026-04-10,15:01:11,-07:00,2026-04-10T15:01:11-07:00,5,2
resume/index.html,106,html,577b5fa6,abbymcleod,2026-04-10,15:01:11,-07:00,2026-04-10T15:01:11-07:00,4,8
resume/index.html,107,html,577b5fa6,abbymcleod,2026-04-10,15:01:11,-07:00,2026-04-10T15:01:11-07:00,1,0
resume/index.html,108,html,577b5fa6,abbymcleod,2026-04-10,15:01:11,-07:00,2026-04-10T15:01:11-07:00,4,7
resume/index.html,109,html,577b5fa6,abbymcleod,2026-04-10,15:01:11,-07:00,2026-04-10T15:01:11-07:00,5,56
resume/index.html,110,html,577b5fa6,abbymcleod,2026-04-10,15:01:11,-07:00,2026-04-10T15:01:11-07:00,5,1
resume/index.html,111,html,577b5fa6,abbymcleod,2026-04-10,15:01:11,-07:00,2026-04-10T15:01:11-07:00,6,103
resume/index.html,112,html,577b5fa6,abbymcleod,2026-04-10,15:01:11,-07:00,2026-04-10T15:01:11-07:00,6,69
resume/index.html,113,html,577b5fa6,abbymcleod,2026-04-10,15:01:11,-07:00,2026-04-10T15:01:11-07:00,5,2
resume/index.html,114,html,577b5fa6,abbymcleod,2026-04-10,15:01:11,-07:00,2026-04-10T15:01:11-07:00,4,8
resume/index.html,115,html,577b5fa6,abbymcleod,2026-04-10,15:01:11,-07:00,2026-04-10T15:01:11-07:00,1,0
resume/index.html,116,html,577b5fa6,abbymcleod,2026-04-10,15:01:11,-07:00,2026-04-10T15:01:11-07:00,4,7
resume/index.html,117,html,577b5fa6,abbymcleod,2026-04-10,15:01:11,-07:00,2026-04-10T15:01:11-07:00,5,45
resume/index.html,118,html,577b5fa6,abbymcleod,2026-04-10,15:01:11,-07:00,2026-04-10T15:01:11-07:00,5,1
resume/index.html,119,html,577b5fa6,abbymcleod,2026-04-10,15:01:11,-07:00,2026-04-10T15:01:11-07:00,6,100
resume/index.html,120,html,577b5fa6,abbymcleod,2026-04-10,15:01:11,-07:00,2026-04-10T15:01:11-07:00,6,58
resume/index.html,121,html,577b5fa6,abbymcleod,2026-04-10,15:01:11,-07:00,2026-04-10T15:01:11-07:00,5,2
resume/index.html,122,html,577b5fa6,abbymcleod,2026-04-10,15:01:11,-07:00,2026-04-10T15:01:11-07:00,4,8
resume/index.html,123,html,577b5fa6,abbymcleod,2026-04-10,15:01:11,-07:00,2026-04-10T15:01:11-07:00,3,4
resume/index.html,124,html,577b5fa6,abbymcleod,2026-04-10,15:01:11,-07:00,2026-04-10T15:01:11-07:00,2,8
resume/index.html,125,html,a4908943,abbymcleod,2026-04-03,18:09:47,-07:00,2026-04-03T18:09:47-07:00,1,8
resume/index.html,126,html,a4908943,abbymcleod,2026-04-03,18:09:47,-07:00,2026-04-03T18:09:47-07:00,0,0
resume/index.html,127,html,3a881a27,abbymcleod,2026-04-03,18:05:06,-07:00,2026-04-03T18:05:06-07:00,0,5
resume/index.html,128,html,3a881a27,abbymcleod,2026-04-03,18:05:06,-07:00,2026-04-03T18:05:06-07:00,0,5
projects/projects.js,1,js,901957c1,abbymcleod,2026-04-24,14:53:47,-07:00,2026-04-24T14:53:47-07:00,0,55
projects/projects.js,2,js,8ead95b2,abbymcleod,2026-05-01,22:38:01,-07:00,2026-05-01T22:38:01-07:00,0,63
projects/projects.js,3,js,ea771ec3,abbymcleod,2026-05-01,23:05:56,-07:00,2026-05-01T23:05:56-07:00,0,0
projects/projects.js,4,js,c8e55e86,abbymcleod,2026-05-01,23:01:00,-07:00,2026-05-01T23:01:00-07:00,0,55
projects/projects.js,5,js,ea771ec3,abbymcleod,2026-05-01,23:05:56,-07:00,2026-05-01T23:05:56-07:00,0,60
projects/projects.js,6,js,ea771ec3,abbymcleod,2026-05-01,23:05:56,-07:00,2026-05-01T23:05:56-07:00,0,0
projects/projects.js,7,js,ea771ec3,abbymcleod,2026-05-01,23:05:56,-07:00,2026-05-01T23:05:56-07:00,0,54
projects/projects.js,8,js,ea771ec3,abbymcleod,2026-05-01,23:05:56,-07:00,2026-05-01T23:05:56-07:00,0,48
projects/projects.js,9,js,c8e55e86,abbymcleod,2026-05-01,23:01:00,-07:00,2026-05-01T23:01:00-07:00,0,0
projects/projects.js,10,js,8ead95b2,abbymcleod,2026-05-01,22:38:01,-07:00,2026-05-01T22:38:01-07:00,0,57
projects/projects.js,11,js,ea771ec3,abbymcleod,2026-05-01,23:05:56,-07:00,2026-05-01T23:05:56-07:00,0,47
projects/projects.js,12,js,a88f43b2,abbymcleod,2026-05-01,23:09:37,-07:00,2026-05-01T23:09:37-07:00,0,21
projects/projects.js,13,js,9d19c25e,abbymcleod,2026-05-01,23:17:41,-07:00,2026-05-01T23:17:41-07:00,0,66
projects/projects.js,14,js,8ead95b2,abbymcleod,2026-05-01,22:38:01,-07:00,2026-05-01T22:38:01-07:00,0,0
projects/projects.js,15,js,ea771ec3,abbymcleod,2026-05-01,23:05:56,-07:00,2026-05-01T23:05:56-07:00,0,38
projects/projects.js,16,js,ea771ec3,abbymcleod,2026-05-01,23:05:56,-07:00,2026-05-01T23:05:56-07:00,1,42
projects/projects.js,17,js,ea771ec3,abbymcleod,2026-05-01,23:05:56,-07:00,2026-05-01T23:05:56-07:00,1,44
projects/projects.js,18,js,ea771ec3,abbymcleod,2026-05-01,23:05:56,-07:00,2026-05-01T23:05:56-07:00,0,0
projects/projects.js,19,js,ea771ec3,abbymcleod,2026-05-01,23:05:56,-07:00,2026-05-01T23:05:56-07:00,1,29
projects/projects.js,20,js,ea771ec3,abbymcleod,2026-05-01,23:05:56,-07:00,2026-05-01T23:05:56-07:00,2,12
projects/projects.js,21,js,c8e55e86,abbymcleod,2026-05-01,23:01:00,-07:00,2026-05-01T23:01:00-07:00,2,14
projects/projects.js,22,js,c8e55e86,abbymcleod,2026-05-01,23:01:00,-07:00,2026-05-01T23:01:00-07:00,2,12
projects/projects.js,23,js,c8e55e86,abbymcleod,2026-05-01,23:01:00,-07:00,2026-05-01T23:01:00-07:00,1,0
projects/projects.js,24,js,ea771ec3,abbymcleod,2026-05-01,23:05:56,-07:00,2026-05-01T23:05:56-07:00,1,50
projects/projects.js,25,js,c8e55e86,abbymcleod,2026-05-01,23:01:00,-07:00,2026-05-01T23:01:00-07:00,2,35
projects/projects.js,26,js,ea771ec3,abbymcleod,2026-05-01,23:05:56,-07:00,2026-05-01T23:05:56-07:00,1,1
projects/projects.js,27,js,c8e55e86,abbymcleod,2026-05-01,23:01:00,-07:00,2026-05-01T23:01:00-07:00,0,0
projects/projects.js,28,js,ea771ec3,abbymcleod,2026-05-01,23:05:56,-07:00,2026-05-01T23:05:56-07:00,1,53
projects/projects.js,29,js,ea771ec3,abbymcleod,2026-05-01,23:05:56,-07:00,2026-05-01T23:05:56-07:00,1,42
projects/projects.js,30,js,ea771ec3,abbymcleod,2026-05-01,23:05:56,-07:00,2026-05-01T23:05:56-07:00,1,51
projects/projects.js,31,js,d7d7479d,abbymcleod,2026-05-01,22:41:37,-07:00,2026-05-01T22:41:37-07:00,0,0
projects/projects.js,32,js,ea771ec3,abbymcleod,2026-05-01,23:05:56,-07:00,2026-05-01T23:05:56-07:00,1,25
projects/projects.js,33,js,a88f43b2,abbymcleod,2026-05-01,23:09:37,-07:00,2026-05-01T23:09:37-07:00,1,27
projects/projects.js,34,js,ea771ec3,abbymcleod,2026-05-01,23:05:56,-07:00,2026-05-01T23:05:56-07:00,2,1
projects/projects.js,35,js,ea771ec3,abbymcleod,2026-05-01,23:05:56,-07:00,2026-05-01T23:05:56-07:00,3,13
projects/projects.js,36,js,ea771ec3,abbymcleod,2026-05-01,23:05:56,-07:00,2026-05-01T23:05:56-07:00,3,13
projects/projects.js,37,js,a88f43b2,abbymcleod,2026-05-01,23:09:37,-07:00,2026-05-01T23:09:37-07:00,3,22
projects/projects.js,38,js,a88f43b2,abbymcleod,2026-05-01,23:09:37,-07:00,2026-05-01T23:09:37-07:00,3,51
projects/projects.js,39,js,a88f43b2,abbymcleod,2026-05-01,23:09:37,-07:00,2026-05-01T23:09:37-07:00,3,18
projects/projects.js,40,js,a88f43b2,abbymcleod,2026-05-01,23:09:37,-07:00,2026-05-01T23:09:37-07:00,4,43
projects/projects.js,41,js,a88f43b2,abbymcleod,2026-05-01,23:09:37,-07:00,2026-05-01T23:09:37-07:00,0,0
projects/projects.js,42,js,a88f43b2,abbymcleod,2026-05-01,23:09:37,-07:00,2026-05-01T23:09:37-07:00,4,1
projects/projects.js,43,js,a88f43b2,abbymcleod,2026-05-01,23:09:37,-07:00,2026-05-01T23:09:37-07:00,5,16
projects/projects.js,44,js,a88f43b2,abbymcleod,2026-05-01,23:09:37,-07:00,2026-05-01T23:09:37-07:00,5,66
projects/projects.js,45,js,a88f43b2,abbymcleod,2026-05-01,23:09:37,-07:00,2026-05-01T23:09:37-07:00,0,0
projects/projects.js,46,js,a88f43b2,abbymcleod,2026-05-01,23:09:37,-07:00,2026-05-01T23:09:37-07:00,4,18
projects/projects.js,47,js,a88f43b2,abbymcleod,2026-05-01,23:09:37,-07:00,2026-05-01T23:09:37-07:00,5,14
projects/projects.js,48,js,a88f43b2,abbymcleod,2026-05-01,23:09:37,-07:00,2026-05-01T23:09:37-07:00,5,24
projects/projects.js,49,js,a88f43b2,abbymcleod,2026-05-01,23:09:37,-07:00,2026-05-01T23:09:37-07:00,6,60
projects/projects.js,50,js,a88f43b2,abbymcleod,2026-05-01,23:09:37,-07:00,2026-05-01T23:09:37-07:00,5,0
projects/projects.js,51,js,a88f43b2,abbymcleod,2026-05-01,23:09:37,-07:00,2026-05-01T23:09:37-07:00,0,0
projects/projects.js,52,js,a88f43b2,abbymcleod,2026-05-01,23:09:37,-07:00,2026-05-01T23:09:37-07:00,4,25
projects/projects.js,53,js,9d19c25e,abbymcleod,2026-05-01,23:17:41,-07:00,2026-05-01T23:17:41-07:00,5,78
projects/projects.js,54,js,a88f43b2,abbymcleod,2026-05-01,23:09:37,-07:00,2026-05-01T23:09:37-07:00,4,6
projects/projects.js,55,js,a88f43b2,abbymcleod,2026-05-01,23:09:37,-07:00,2026-05-01T23:09:37-07:00,5,46
projects/projects.js,56,js,9d19c25e,abbymcleod,2026-05-01,23:17:41,-07:00,2026-05-01T23:17:41-07:00,5,77
projects/projects.js,57,js,a88f43b2,abbymcleod,2026-05-01,23:09:37,-07:00,2026-05-01T23:09:37-07:00,6,44
projects/projects.js,58,js,a88f43b2,abbymcleod,2026-05-01,23:09:37,-07:00,2026-05-01T23:09:37-07:00,5,0
projects/projects.js,59,js,a88f43b2,abbymcleod,2026-05-01,23:09:37,-07:00,2026-05-01T23:09:37-07:00,5,56
projects/projects.js,60,js,a88f43b2,abbymcleod,2026-05-01,23:09:37,-07:00,2026-05-01T23:09:37-07:00,4,0
projects/projects.js,61,js,a88f43b2,abbymcleod,2026-05-01,23:09:37,-07:00,2026-05-01T23:09:37-07:00,3,1
projects/projects.js,62,js,ea771ec3,abbymcleod,2026-05-01,23:05:56,-07:00,2026-05-01T23:05:56-07:00,1,1
projects/projects.js,63,js,d7d7479d,abbymcleod,2026-05-01,22:41:37,-07:00,2026-05-01T22:41:37-07:00,0,0
projects/projects.js,64,js,ea771ec3,abbymcleod,2026-05-01,23:05:56,-07:00,2026-05-01T23:05:56-07:00,1,32
projects/projects.js,65,js,ea771ec3,abbymcleod,2026-05-01,23:05:56,-07:00,2026-05-01T23:05:56-07:00,1,27
projects/projects.js,66,js,ea771ec3,abbymcleod,2026-05-01,23:05:56,-07:00,2026-05-01T23:05:56-07:00,2,4
projects/projects.js,67,js,ea771ec3,abbymcleod,2026-05-01,23:05:56,-07:00,2026-05-01T23:05:56-07:00,3,11
projects/projects.js,68,js,ea771ec3,abbymcleod,2026-05-01,23:05:56,-07:00,2026-05-01T23:05:56-07:00,3,38
projects/projects.js,69,js,a88f43b2,abbymcleod,2026-05-01,23:09:37,-07:00,2026-05-01T23:09:37-07:00,3,76
projects/projects.js,70,js,ea771ec3,abbymcleod,2026-05-01,23:05:56,-07:00,2026-05-01T23:05:56-07:00,3,69
projects/projects.js,71,js,ea771ec3,abbymcleod,2026-05-01,23:05:56,-07:00,2026-05-01T23:05:56-07:00,1,1
projects/projects.js,72,js,ea771ec3,abbymcleod,2026-05-01,23:05:56,-07:00,2026-05-01T23:05:56-07:00,0,0
projects/projects.js,73,js,8ead95b2,abbymcleod,2026-05-01,22:38:01,-07:00,2026-05-01T22:38:01-07:00,0,0
projects/projects.js,74,js,a88f43b2,abbymcleod,2026-05-01,23:09:37,-07:00,2026-05-01T23:09:37-07:00,0,15
projects/projects.js,75,js,ea771ec3,abbymcleod,2026-05-01,23:05:56,-07:00,2026-05-01T23:05:56-07:00,0,23
projects/projects.js,76,js,52931256,abbymcleod,2026-04-24,16:00:31,-07:00,2026-04-24T16:00:31-07:00,0,48
projects/projects.js,77,js,52931256,abbymcleod,2026-04-24,16:00:31,-07:00,2026-04-24T16:00:31-07:00,0,0
projects/projects.js,78,js,9d19c25e,abbymcleod,2026-05-01,23:17:41,-07:00,2026-05-01T23:17:41-07:00,0,23
projects/projects.js,79,js,ea771ec3,abbymcleod,2026-05-01,23:05:56,-07:00,2026-05-01T23:05:56-07:00,0,53
projects/projects.js,80,js,ea771ec3,abbymcleod,2026-05-01,23:05:56,-07:00,2026-05-01T23:05:56-07:00,0,48
projects/projects.js,81,js,ea771ec3,abbymcleod,2026-05-01,23:05:56,-07:00,2026-05-01T23:05:56-07:00,1,29
projects/projects.js,82,js,9d19c25e,abbymcleod,2026-05-01,23:17:41,-07:00,2026-05-01T23:17:41-07:00,1,46
projects/projects.js,83,js,ea771ec3,abbymcleod,2026-05-01,23:05:56,-07:00,2026-05-01T23:05:56-07:00,2,59
projects/projects.js,84,js,ea771ec3,abbymcleod,2026-05-01,23:05:56,-07:00,2026-05-01T23:05:56-07:00,2,42
projects/projects.js,85,js,ea771ec3,abbymcleod,2026-05-01,23:05:56,-07:00,2026-05-01T23:05:56-07:00,1,1
projects/projects.js,86,js,9d19c25e,abbymcleod,2026-05-01,23:17:41,-07:00,2026-05-01T23:17:41-07:00,1,17
projects/projects.js,87,js,9d19c25e,abbymcleod,2026-05-01,23:17:41,-07:00,2026-05-01T23:17:41-07:00,1,55
projects/projects.js,88,js,9aa517d9,abbymcleod,2026-05-01,23:24:26,-07:00,2026-05-01T23:24:26-07:00,1,23
projects/projects.js,89,js,ea771ec3,abbymcleod,2026-05-01,23:05:56,-07:00,2026-05-01T23:05:56-07:00,0,1
projects/index.html,1,html,da60c1e8,abbymcleod,2026-04-03,17:40:01,-07:00,2026-04-03T17:40:01-07:00,0,13
projects/index.html,2,html,da60c1e8,abbymcleod,2026-04-03,17:40:01,-07:00,2026-04-03T17:40:01-07:00,0,14
projects/index.html,3,html,b2a2f423,abbymcleod,2026-04-18,15:08:02,-07:00,2026-04-18T15:08:02-07:00,0,0
projects/index.html,4,html,da60c1e8,abbymcleod,2026-04-03,17:40:01,-07:00,2026-04-03T17:40:01-07:00,0,4
projects/index.html,5,html,da60c1e8,abbymcleod,2026-04-03,17:40:01,-07:00,2026-04-03T17:40:01-07:00,2,20
projects/index.html,6,html,da60c1e8,abbymcleod,2026-04-03,17:40:01,-07:00,2026-04-03T17:40:01-07:00,2,68
projects/index.html,7,html,da60c1e8,abbymcleod,2026-04-03,17:40:01,-07:00,2026-04-03T17:40:01-07:00,2,21
projects/index.html,8,html,da60c1e8,abbymcleod,2026-04-03,17:40:01,-07:00,2026-04-03T17:40:01-07:00,2,41
projects/index.html,9,html,da60c1e8,abbymcleod,2026-04-03,17:40:01,-07:00,2026-04-03T17:40:01-07:00,0,5
projects/index.html,10,html,da60c1e8,abbymcleod,2026-04-03,17:40:01,-07:00,2026-04-03T17:40:01-07:00,0,4
projects/index.html,11,html,a2e3230d,abbymcleod,2026-04-29,16:39:02,-07:00,2026-04-29T16:39:02-07:00,2,25
projects/index.html,12,html,da60c1e8,abbymcleod,2026-04-03,17:40:01,-07:00,2026-04-03T17:40:01-07:00,4,6
projects/index.html,13,html,da60c1e8,abbymcleod,2026-04-03,17:40:01,-07:00,2026-04-03T17:40:01-07:00,2,3
projects/index.html,14,html,f9743e91,abbymcleod,2026-05-01,22:55:37,-07:00,2026-05-01T22:55:37-07:00,2,21
projects/index.html,15,html,f9743e91,abbymcleod,2026-05-01,22:55:37,-07:00,2026-05-01T22:55:37-07:00,4,58
projects/index.html,16,html,f9743e91,abbymcleod,2026-05-01,22:55:37,-07:00,2026-05-01T22:55:37-07:00,4,22
projects/index.html,17,html,f9743e91,abbymcleod,2026-05-01,22:55:37,-07:00,2026-05-01T22:55:37-07:00,2,4
projects/index.html,18,html,ea771ec3,abbymcleod,2026-05-01,23:05:56,-07:00,2026-05-01T23:05:56-07:00,2,4
projects/index.html,19,html,ea771ec3,abbymcleod,2026-05-01,23:05:56,-07:00,2026-05-01T23:05:56-07:00,2,15
projects/index.html,20,html,ea771ec3,abbymcleod,2026-05-01,23:05:56,-07:00,2026-05-01T23:05:56-07:00,2,11
projects/index.html,21,html,ea771ec3,abbymcleod,2026-05-01,23:05:56,-07:00,2026-05-01T23:05:56-07:00,2,26
projects/index.html,22,html,ea771ec3,abbymcleod,2026-05-01,23:05:56,-07:00,2026-05-01T23:05:56-07:00,2,31
projects/index.html,23,html,ea771ec3,abbymcleod,2026-05-01,23:05:56,-07:00,2026-05-01T23:05:56-07:00,2,0
projects/index.html,24,html,ea771ec3,abbymcleod,2026-05-01,23:05:56,-07:00,2026-05-01T23:05:56-07:00,2,26
projects/index.html,25,html,79df5031,abbymcleod,2026-04-24,15:51:51,-07:00,2026-04-24T15:51:51-07:00,2,48
projects/index.html,26,html,79df5031,abbymcleod,2026-04-24,15:51:51,-07:00,2026-04-24T15:51:51-07:00,2,47
projects/index.html,27,html,79df5031,abbymcleod,2026-04-24,15:51:51,-07:00,2026-04-24T15:51:51-07:00,0,0
projects/index.html,28,html,da60c1e8,abbymcleod,2026-04-03,17:40:01,-07:00,2026-04-03T17:40:01-07:00,0,5
projects/index.html,29,html,da60c1e8,abbymcleod,2026-04-03,17:40:01,-07:00,2026-04-03T17:40:01-07:00,0,5
meta/index.html,1,html,bdea84ee,abbymcleod,2026-05-07,16:37:38,-07:00,2026-05-07T16:37:38-07:00,0,13
meta/index.html,2,html,bdea84ee,abbymcleod,2026-05-07,16:37:38,-07:00,2026-05-07T16:37:38-07:00,0,14
meta/index.html,3,html,bdea84ee,abbymcleod,2026-05-07,16:37:38,-07:00,2026-05-07T16:37:38-07:00,0,0
meta/index.html,4,html,bdea84ee,abbymcleod,2026-05-07,16:37:38,-07:00,2026-05-07T16:37:38-07:00,0,4
meta/index.html,5,html,bdea84ee,abbymcleod,2026-05-07,16:37:38,-07:00,2026-05-07T16:37:38-07:00,1,20
meta/index.html,6,html,bdea84ee,abbymcleod,2026-05-07,16:37:38,-07:00,2026-05-07T16:37:38-07:00,1,17
meta/index.html,7,html,bdea84ee,abbymcleod,2026-05-07,16:37:38,-07:00,2026-05-07T16:37:38-07:00,1,41
meta/index.html,8,html,bdea84ee,abbymcleod,2026-05-07,16:37:38,-07:00,2026-05-07T16:37:38-07:00,1,48
meta/index.html,9,html,bdea84ee,abbymcleod,2026-05-07,16:37:38,-07:00,2026-05-07T16:37:38-07:00,0,5
meta/index.html,10,html,bdea84ee,abbymcleod,2026-05-07,16:37:38,-07:00,2026-05-07T16:37:38-07:00,0,4
meta/index.html,11,html,bdea84ee,abbymcleod,2026-05-07,16:37:38,-07:00,2026-05-07T16:37:38-07:00,2,2
meta/index.html,12,html,bdea84ee,abbymcleod,2026-05-07,16:37:38,-07:00,2026-05-07T16:37:38-07:00,4,2
meta/index.html,13,html,bdea84ee,abbymcleod,2026-05-07,16:37:38,-07:00,2026-05-07T16:37:38-07:00,2,3
meta/index.html,14,html,bdea84ee,abbymcleod,2026-05-07,16:37:38,-07:00,2026-05-07T16:37:38-07:00,2,1
meta/index.html,15,html,bdea84ee,abbymcleod,2026-05-07,16:37:38,-07:00,2026-05-07T16:37:38-07:00,4,54
meta/index.html,16,html,bdea84ee,abbymcleod,2026-05-07,16:37:38,-07:00,2026-05-07T16:37:38-07:00,2,2
meta/index.html,17,html,bdea84ee,abbymcleod,2026-05-07,16:37:38,-07:00,2026-05-07T16:37:38-07:00,0,5
meta/index.html,18,html,bdea84ee,abbymcleod,2026-05-07,16:37:38,-07:00,2026-05-07T16:37:38-07:00,0,5
contact/index.html,1,html,da60c1e8,abbymcleod,2026-04-03,17:40:01,-07:00,2026-04-03T17:40:01-07:00,0,13
contact/index.html,2,html,da60c1e8,abbymcleod,2026-04-03,17:40:01,-07:00,2026-04-03T17:40:01-07:00,0,14
contact/index.html,3,html,b2a2f423,abbymcleod,2026-04-18,15:08:02,-07:00,2026-04-18T15:08:02-07:00,0,0
contact/index.html,4,html,da60c1e8,abbymcleod,2026-04-03,17:40:01,-07:00,2026-04-03T17:40:01-07:00,0,4
contact/index.html,5,html,da60c1e8,abbymcleod,2026-04-03,17:40:01,-07:00,2026-04-03T17:40:01-07:00,2,20
contact/index.html,6,html,da60c1e8,abbymcleod,2026-04-03,17:40:01,-07:00,2026-04-03T17:40:01-07:00,2,68
contact/index.html,7,html,da60c1e8,abbymcleod,2026-04-03,17:40:01,-07:00,2026-04-03T17:40:01-07:00,2,32
contact/index.html,8,html,da60c1e8,abbymcleod,2026-04-03,17:40:01,-07:00,2026-04-03T17:40:01-07:00,2,41
contact/index.html,9,html,5f95b3ac,abbymcleod,2026-04-17,22:53:07,-07:00,2026-04-17T22:53:07-07:00,2,48
contact/index.html,10,html,da60c1e8,abbymcleod,2026-04-03,17:40:01,-07:00,2026-04-03T17:40:01-07:00,0,5
contact/index.html,11,html,da60c1e8,abbymcleod,2026-04-03,17:40:01,-07:00,2026-04-03T17:40:01-07:00,0,4
contact/index.html,12,html,da60c1e8,abbymcleod,2026-04-03,17:40:01,-07:00,2026-04-03T17:40:01-07:00,2,2
contact/index.html,13,html,da60c1e8,abbymcleod,2026-04-03,17:40:01,-07:00,2026-04-03T17:40:01-07:00,4,17
contact/index.html,14,html,da60c1e8,abbymcleod,2026-04-03,17:40:01,-07:00,2026-04-03T17:40:01-07:00,2,3
contact/index.html,15,html,33beab46,abbymcleod,2026-04-03,17:56:54,-07:00,2026-04-03T17:56:54-07:00,2,73
contact/index.html,16,html,33beab46,abbymcleod,2026-04-03,17:56:54,-07:00,2026-04-03T17:56:54-07:00,0,0
contact/index.html,17,html,33beab46,abbymcleod,2026-04-03,17:56:54,-07:00,2026-04-03T17:56:54-07:00,4,5
contact/index.html,18,html,33beab46,abbymcleod,2026-04-03,17:56:54,-07:00,2026-04-03T17:56:54-07:00,6,9
contact/index.html,19,html,33beab46,abbymcleod,2026-04-03,17:56:54,-07:00,2026-04-03T17:56:54-07:00,6,40
contact/index.html,20,html,33beab46,abbymcleod,2026-04-03,17:56:54,-07:00,2026-04-03T17:56:54-07:00,4,14
contact/index.html,21,html,33beab46,abbymcleod,2026-04-03,17:56:54,-07:00,2026-04-03T17:56:54-07:00,4,0
contact/index.html,22,html,33beab46,abbymcleod,2026-04-03,17:56:54,-07:00,2026-04-03T17:56:54-07:00,4,5
contact/index.html,23,html,33beab46,abbymcleod,2026-04-03,17:56:54,-07:00,2026-04-03T17:56:54-07:00,6,6
contact/index.html,24,html,33beab46,abbymcleod,2026-04-03,17:56:54,-07:00,2026-04-03T17:56:54-07:00,6,29
contact/index.html,25,html,33beab46,abbymcleod,2026-04-03,17:56:54,-07:00,2026-04-03T17:56:54-07:00,4,14
contact/index.html,26,html,33beab46,abbymcleod,2026-04-03,17:56:54,-07:00,2026-04-03T17:56:54-07:00,4,0
contact/index.html,27,html,33beab46,abbymcleod,2026-04-03,17:56:54,-07:00,2026-04-03T17:56:54-07:00,4,5
contact/index.html,28,html,33beab46,abbymcleod,2026-04-03,17:56:54,-07:00,2026-04-03T17:56:54-07:00,6,6
contact/index.html,29,html,33beab46,abbymcleod,2026-04-03,17:56:54,-07:00,2026-04-03T17:56:54-07:00,6,59
contact/index.html,30,html,33beab46,abbymcleod,2026-04-03,17:56:54,-07:00,2026-04-03T17:56:54-07:00,4,14
contact/index.html,31,html,33beab46,abbymcleod,2026-04-03,17:56:54,-07:00,2026-04-03T17:56:54-07:00,4,0
contact/index.html,32,html,33beab46,abbymcleod,2026-04-03,17:56:54,-07:00,2026-04-03T17:56:54-07:00,4,19
contact/index.html,33,html,33beab46,abbymcleod,2026-04-03,17:56:54,-07:00,2026-04-03T17:56:54-07:00,6,0
contact/index.html,34,html,33beab46,abbymcleod,2026-04-03,17:56:54,-07:00,2026-04-03T17:56:54-07:00,3,5
contact/index.html,35,html,da60c1e8,abbymcleod,2026-04-03,17:40:01,-07:00,2026-04-03T17:40:01-07:00,0,5
contact/index.html,36,html,da60c1e8,abbymcleod,2026-04-03,17:40:01,-07:00,2026-04-03T17:40:01-07:00,0,5
